air_temp,albedo,azimuth,clearsky_dhi,clearsky_dni,clearsky_ghi,clearsky_gti,cloud_opacity,dewpoint_temp,dhi,dni,ghi,gti,precipitable_water,precipitation_rate,relative_humidity,surface_pressure,snow_depth,snow_water_equivalent,snow_soiling_rooftop,snow_soiling_ground,wind_direction_100m,wind_direction_10m,wind_speed_100m,wind_speed_10m,zenith,period_end,period
16,0.14,107,0,0,0,0,14.3,14,0,0,0,0,15.9,0.4,88.8,681.7,0,0,0,0,97,93,2,1.1,110,2024-02-01T01:00:00Z,PT60M
15,0.14,108,0,0,0,0,0,13.9,0,0,0,0,15.9,1,92.5,682.3,0,0,0,0,103,102,1.8,1.2,125,2024-02-01T02:00:00Z,PT60M
15,0.14,112,0,0,0,0,4.5,14,0,0,0,0,15.6,0.4,95.9,682.5,0,0,0,0,113,108,1.7,1.2,139,2024-02-01T03:00:00Z,PT60M
14,0.14,121,0,0,0,0,11.3,13.9,0,0,0,0,15.1,0.1,97.1,682.3,0,0,0,0,116,107,1.6,1,152,2024-02-01T04:00:00Z,PT60M
14,0.14,146,0,0,0,0,32.3,13.8,0,0,0,0,14.7,0,96.8,682.2,0,0,0,0,111,103,1.7,1.1,163,2024-02-01T05:00:00Z,PT60M
14,0.13,-161,0,0,0,0,44.9,13.6,0,0,0,0,14.1,0,96.8,682,0,0,0,0,106,101,1.6,1.1,166,2024-02-01T06:00:00Z,PT60M
14,0.13,-126,0,0,0,0,77.3,13.4,0,0,0,0,13.6,0,97.1,681.7,0,0,0,0,105,99,1.5,1,156,2024-02-01T07:00:00Z,PT60M
14,0.13,-114,0,0,0,0,60.5,13.2,0,0,0,0,13.1,0,97.7,681.2,0,0,0,0,105,98,1.7,1,143,2024-02-01T08:00:00Z,PT60M
13,0.13,-109,0,0,0,0,68.7,12.8,0,0,0,0,12.7,0,97.7,680.9,0,0,0,0,106,103,2,1.1,129,2024-02-01T09:00:00Z,PT60M
13,0.13,-107,0,0,0,0,48.4,12.5,0,0,0,0,12.6,0,98.7,680.8,0,0,0,0,108,104,1.6,1,115,2024-02-01T10:00:00Z,PT60M
13,0.13,-107,0,0,0,0,62,12.6,0,0,0,0,12.8,0,100,681.1,0,0,0,0,112,106,1.6,1.1,101,2024-02-01T11:00:00Z,PT60M
13,0.13,-108,27,117,43,59,71.9,12.5,13,0,13,13,13.3,0,100,681.6,0,0,0,0,118,108,1.9,1.3,87,2024-02-01T12:00:00Z,PT60M
12,0.13,-110,97,520,259,324,24.4,12.1,113,276,213,245,13.9,0,98.7,682.1,0,0,0,0,115,106,1.9,1.3,72,2024-02-01T13:00:00Z,PT60M
13,0.13,-114,134,736,519,600,2,12.1,149,686,510,586,14.4,0,92.8,682.5,0,0,0,0,112,110,1.8,1.1,59,2024-02-01T14:00:00Z,PT60M
15,0.13,-120,154,839,745,827,5.5,12.4,220,692,702,772,14.9,0,85,682.8,0,0,0,0,119,119,1.1,0.6,45,2024-02-01T15:00:00Z,PT60M
16,0.13,-133,172,882,909,989,13.4,12.2,350,525,786,834,15.3,0.1,78.9,682.7,0,0,0,0,112,116,0.7,0.3,33,2024-02-01T16:00:00Z,PT60M
17,0.13,-157,186,896,1001,1079,28.7,12.1,540,191,714,719,15.4,0.2,73.8,682.2,0,0,0,0,105,110,0.8,0.4,24,2024-02-01T17:00:00Z,PT60M
18,0.13,168,194,888,1011,1088,15.4,12.4,416,477,855,895,15.6,0.3,70.9,681.7,0,0,0,0,119,127,0.7,0.4,23,2024-02-01T18:00:00Z,PT60M
18,0.13,139,194,860,940,1018,18.9,12.9,433,379,764,795,15.9,0.2,71.7,680.9,0,0,0,0,153,170,0.6,0.4,30,2024-02-01T19:00:00Z,PT60M
18,0.13,124,185,808,794,872,42.9,13.4,444,16,456,443,16.1,0.2,73.6,680.2,0,0,0,0,201,211,0.6,0.5,41,2024-02-01T20:00:00Z,PT60M
19,0.13,115,163,717,585,661,59.6,13.8,234,0,234,226,16.3,0.2,72.9,679.7,0,0,0,0,239,248,0.6,0.5,54,2024-02-01T21:00:00Z,PT60M
18,0.13,111,124,539,332,397,22.8,13.3,192,162,249,265,16.8,0.1,72,679.7,0,0,0,0,264,270,0.5,0.5,68,2024-02-01T22:00:00Z,PT60M
17,0.13,108,56,194,92,118,51.1,13.3,42,0,42,41,16.9,0.1,76.7,680,0,0,0,0,216,226,0.3,0.2,82,2024-02-01T23:00:00Z,PT60M
16,0.13,107,0,0,0,0,42.7,13.9,0,0,0,0,17,0.2,84.9,680.6,0,0,0,0,102,95,0.7,0.5,96,2024-02-02T00:00:00Z,PT60M
16,0.13,107,0,0,0,0,82.7,13.8,0,0,0,0,17.1,0.7,89.9,681.4,0,0,0,0,92,89,1.2,0.9,110,2024-02-02T01:00:00Z,PT60M
15,0.13,108,0,0,0,0,95.4,13.6,0,0,0,0,16.9,0.4,93.1,682,0,0,0,0,105,102,1.3,1,125,2024-02-02T02:00:00Z,PT60M
14,0.13,111,0,0,0,0,95.1,13.4,0,0,0,0,16.8,0.3,95.2,682.4,0,0,0,0,108,99,1.3,0.9,139,2024-02-02T03:00:00Z,PT60M
14,0.13,120,0,0,0,0,92.2,13.5,0,0,0,0,16.4,0.1,95.9,682.4,0,0,0,0,105,97,1.1,0.8,152,2024-02-02T04:00:00Z,PT60M
14,0.13,145,0,0,0,0,88.6,13.6,0,0,0,0,16,0.1,96.2,682.2,0,0,0,0,104,99,0.8,0.7,164,2024-02-02T05:00:00Z,PT60M
14,0.13,-161,0,0,0,0,85.9,13.6,0,0,0,0,15.6,0,95.9,681.9,0,0,0,0,101,104,0.8,0.6,166,2024-02-02T06:00:00Z,PT60M
14,0.13,-125,0,0,0,0,55.6,13.6,0,0,0,0,15.3,0,96.2,681.4,0,0,0,0,114,115,1.1,0.7,157,2024-02-02T07:00:00Z,PT60M
14,0.13,-113,0,0,0,0,49,13.3,0,0,0,0,15.1,0,96.2,680.8,0,0,0,0,119,112,1,0.7,143,2024-02-02T08:00:00Z,PT60M
14,0.13,-109,0,0,0,0,69.4,13.1,0,0,0,0,14.9,0,96.5,680.6,0,0,0,0,119,116,0.9,0.6,129,2024-02-02T09:00:00Z,PT60M
13,0.13,-107,0,0,0,0,94.3,12.6,0,0,0,0,15.4,0,98.7,680.3,0,0,0,0,117,99,1.2,0.8,115,2024-02-02T10:00:00Z,PT60M
12,0.13,-107,0,0,0,0,95.2,12.3,0,0,0,0,15.9,0,99.7,680.4,0,0,0,0,105,85,1.6,1.1,101,2024-02-02T11:00:00Z,PT60M
13,0.13,-108,27,115,42,58,81.9,12.3,13,0,13,12,16.2,0,99,681,0,0,0,0,108,98,1.6,1.1,87,2024-02-02T12:00:00Z,PT60M
13,0.13,-110,94,529,259,324,59.9,12.2,103,0,103,100,16.6,0,98.4,681.7,0,0,0,0,122,111,1.7,1.1,72,2024-02-02T13:00:00Z,PT60M
13,0.13,-113,126,751,520,600,70.2,12.2,156,0,156,151,17.1,0,94.3,682.2,0,0,0,0,123,118,1.7,1.1,59,2024-02-02T14:00:00Z,PT60M
14,0.13,-120,142,855,745,827,64.4,12.4,266,0,266,257,17.6,0,89.2,682.5,0,0,0,0,115,114,1.2,0.7,45,2024-02-02T15:00:00Z,PT60M
15,0.13,-132,155,901,910,989,41.5,12.3,510,27,532,518,18,0,84.2,682.4,0,0,0,0,96,70,0.5,0.2,33,2024-02-02T16:00:00Z,PT60M
16,0.13,-156,165,918,1002,1079,43.8,11.8,563,0,563,543,18.3,0.1,75,682,0,0,0,0,296,290,0.1,0.2,24,2024-02-02T17:00:00Z,PT60M
18,0.13,168,167,918,1014,1091,33,11.6,560,129,679,677,18.6,0.1,68.1,681.3,0,0,0,0,256,270,0.5,0.4,23,2024-02-02T18:00:00Z,PT60M
18,0.13,139,163,900,946,1023,14.1,11.4,358,521,813,858,19,0.3,64.9,680.6,0,0,0,0,259,263,1.1,0.8,30,2024-02-02T19:00:00Z,PT60M
18,0.13,123,159,847,799,878,14.1,11.4,323,481,686,731,19.5,0.5,65.1,679.9,0,0,0,0,257,256,1.3,1,41,2024-02-02T20:00:00Z,PT60M
17,0.13,115,144,758,591,669,7.4,11.8,212,575,543,603,19.9,0.5,70.1,679.5,0,0,0,0,254,255,1.3,1,54,2024-02-02T21:00:00Z,PT60M
16,0.13,111,114,581,339,406,39.1,13,172,103,220,227,20.1,0.8,80.9,679.5,0,0,0,0,237,247,0.8,0.6,68,2024-02-02T22:00:00Z,PT60M
15,0.13,108,54,220,95,124,55.8,13.8,45,0,45,44,20.3,0.9,90.5,679.8,0,0,0,0,242,259,0.5,0.4,82,2024-02-02T23:00:00Z,PT60M
15,0.13,107,0,0,0,0,85.4,13.8,0,0,0,0,20.2,1,94,680.4,0,0,0,0,297,299,0.3,0.3,96,2024-02-03T00:00:00Z,PT60M
14,0.13,107,0,0,0,0,72.2,13.8,0,0,0,0,20.1,0.6,97.1,681.2,0,0,0,0,73,80,0.4,0.3,110,2024-02-03T01:00:00Z,PT60M
14,0.13,108,0,0,0,0,59.5,13.4,0,0,0,0,19.9,0.4,99,681.7,0,0,0,0,104,106,1,0.7,125,2024-02-03T02:00:00Z,PT60M
13,0.13,111,0,0,0,0,16.3,13,0,0,0,0,19.4,0.3,100,681.8,0,0,0,0,92,92,1,0.6,139,2024-02-03T03:00:00Z,PT60M
13,0.13,119,0,0,0,0,24.5,12.5,0,0,0,0,19.1,0.3,99.7,681.8,0,0,0,0,37,58,0.6,0.3,152,2024-02-03T04:00:00Z,PT60M
12,0.13,144,0,0,0,0,42.2,12.3,0,0,0,0,19,0.3,99.8,681.8,0,0,0,0,349,45,0.5,0.1,164,2024-02-03T05:00:00Z,PT60M
12,0.13,-161,0,0,0,0,72.7,12,0,0,0,0,18.7,0.2,100,681.4,0,0,0,0,6,62,0.5,0.2,166,2024-02-03T06:00:00Z,PT60M
12,0.13,-125,0,0,0,0,82.1,12,0,0,0,0,18.3,0.2,100,680.9,0,0,0,0,49,102,0.3,0.3,157,2024-02-03T07:00:00Z,PT60M
12,0.13,-113,0,0,0,0,57,11.9,0,0,0,0,18,0,100,680.5,0,0,0,0,155,115,0.1,0.2,144,2024-02-03T08:00:00Z,PT60M
12,0.13,-108,0,0,0,0,62.7,11.6,0,0,0,0,17.8,0.2,100,680.4,0,0,0,0,117,90,0.2,0.3,130,2024-02-03T09:00:00Z,PT60M
11,0.13,-107,0,0,0,0,55.2,11.2,0,0,0,0,17.5,0.1,100,680.4,0,0,0,0,48,83,0.3,0.4,115,2024-02-03T10:00:00Z,PT60M
11,0.13,-106,0,0,0,0,37.3,11.2,0,0,0,0,17.4,0.1,100,680.7,0,0,0,0,11,70,0.5,0.4,101,2024-02-03T11:00:00Z,PT60M
11,0.13,-107,25,148,45,64,40.3,11.1,30,3,30,30,17.6,0.1,99,681.1,0,0,0,0,355,91,0.4,0.4,87,2024-02-03T12:00:00Z,PT60M
12,0.13,-109,81,608,270,341,54.4,11.2,116,3,117,113,17.7,0.1,96.8,681.7,0,0,0,0,167,130,0.3,0.4,72,2024-02-03T13:00:00Z,PT60M
14,0.13,-113,111,793,527,609,29.1,12.1,265,204,382,399,17.9,0.1,90.7,682.1,0,0,0,0,138,128,0.5,0.3,58,2024-02-03T14:00:00Z,PT60M
16,0.13,-120,130,877,749,830,8.8,13,234,639,682,744,18.3,0.2,83.7,682.3,0,0,0,0,203,217,0.3,0.2,45,2024-02-03T15:00:00Z,PT60M
17,0.13,-132,150,909,912,990,11.7,14,311,589,806,858,18.5,0.9,80.2,682.2,0,0,0,0,266,266,1,0.8,33,2024-02-03T16:00:00Z,PT60M
19,0.13,-156,175,902,999,1073,11.2,14.7,339,601,886,935,18.7,1.2,76.9,681.6,0,0,0,0,272,270,1.8,1.3,24,2024-02-03T17:00:00Z,PT60M
19,0.13,168,181,898,1011,1085,26.7,14.4,529,230,741,751,18.6,2.9,74.9,680.9,0,0,0,0,273,270,1.9,1.5,22,2024-02-03T18:00:00Z,PT60M
19,0.13,138,179,878,943,1018,31.2,14.6,502,169,652,655,18.5,3.5,77.1,680.3,0,0,0,0,290,283,1.6,1.2,29,2024-02-03T19:00:00Z,PT60M
19,0.13,123,168,834,800,876,77.9,15.3,182,0,182,175,18.6,1,79.9,679.7,0,0,0,0,315,301,1.2,0.9,41,2024-02-03T20:00:00Z,PT60M
18,0.13,115,139,777,598,676,76.3,14.9,140,0,140,136,18.3,0.5,81.1,679.1,0,0,0,0,323,310,1.1,0.8,54,2024-02-03T21:00:00Z,PT60M
17,0.13,110,107,626,349,420,63.5,13.9,122,0,122,118,18,0.4,81.2,678.9,0,0,0,0,303,302,1.5,1.1,68,2024-02-03T22:00:00Z,PT60M
16,0.13,108,52,268,101,136,53.2,13.3,48,0,48,46,18,0.1,82.2,679.1,0,0,0,0,305,308,1.6,0.9,82,2024-02-03T23:00:00Z,PT60M
16,0.13,106,0,0,0,0,70.1,13.4,0,0,0,0,18.3,0.1,86.8,679.6,0,0,0,0,4,25,1.1,0.5,96,2024-02-04T00:00:00Z,PT60M
15,0.13,106,0,0,0,0,77.5,13.3,0,0,0,0,18.4,0.1,91,680.2,0,0,0,0,70,89,1.2,0.8,110,2024-02-04T01:00:00Z,PT60M
14,0.13,107,0,0,0,0,65,13.2,0,0,0,0,18.5,0.1,93.1,680.8,0,0,0,0,90,99,1.3,1,125,2024-02-04T02:00:00Z,PT60M
14,0.13,111,0,0,0,0,71.5,13.2,0,0,0,0,18.4,0.1,95.5,681.2,0,0,0,0,86,93,1.4,1.1,139,2024-02-04T03:00:00Z,PT60M
14,0.13,119,0,0,0,0,75.9,12.9,0,0,0,0,18.1,0.2,96.5,681.1,0,0,0,0,72,90,1,0.9,153,2024-02-04T04:00:00Z,PT60M
13,0.13,144,0,0,0,0,84.9,12.6,0,0,0,0,17.9,0.7,96.2,680.9,0,0,0,0,61,95,0.5,0.7,164,2024-02-04T05:00:00Z,PT60M
13,0.13,-160,0,0,0,0,80.4,12.5,0,0,0,0,18,0.4,96.8,680.6,0,0,0,0,73,103,0.2,0.5,166,2024-02-04T06:00:00Z,PT60M
13,0.13,-124,0,0,0,0,68.1,12.5,0,0,0,0,18,0.2,97.7,680,0,0,0,0,82,101,0.3,0.5,157,2024-02-04T07:00:00Z,PT60M
13,0.13,-112,0,0,0,0,82,12.4,0,0,0,0,17.9,0.1,98.4,679.7,0,0,0,0,90,101,0.5,0.5,144,2024-02-04T08:00:00Z,PT60M
12,0.13,-108,0,0,0,0,84.6,12.1,0,0,0,0,17.8,0.1,99.3,679.5,0,0,0,0,78,89,0.3,0.4,130,2024-02-04T09:00:00Z,PT60M
12,0.13,-106,0,0,0,0,80.3,11.7,0,0,0,0,17.6,0,100,679.2,0,0,0,0,42,77,0.5,0.5,115,2024-02-04T10:00:00Z,PT60M
12,0.13,-106,0,0,0,0,85.7,11.5,0,0,0,0,17.9,0.1,100,679.5,0,0,0,0,71,98,0.9,0.7,101,2024-02-04T11:00:00Z,PT60M
12,0.13,-107,26,135,44,61,71.3,11.6,21,0,21,20,18.5,0.4,100,680.2,0,0,0,0,111,117,0.9,0.7,87,2024-02-04T12:00:00Z,PT60M
12,0.13,-109,87,567,264,330,53,11.8,120,0,120,116,18.7,0.1,99,680.8,0,0,0,0,133,122,1,0.7,72,2024-02-04T13:00:00Z,PT60M
13,0.13,-113,126,747,519,595,54.6,12.3,238,0,238,230,18.6,0.1,94.9,681.4,0,0,0,0,132,127,1.3,0.8,58,2024-02-04T14:00:00Z,PT60M
15,0.13,-119,156,824,739,815,36.3,13.1,423,68,474,468,18.8,0.2,89.6,681.7,0,0,0,0,135,135,1.1,0.6,45,2024-02-04T15:00:00Z,PT60M
16,0.13,-132,178,862,902,975,36.6,14.1,483,105,568,564,18.9,0.4,87.1,681.6,0,0,0,0,149,167,0.8,0.4,33,2024-02-04T16:00:00Z,PT60M
17,0.13,-156,188,882,996,1067,40,15.3,539,64,599,588,18.8,1.4,88,681.2,0,0,0,0,198,219,0.6,0.5,24,2024-02-04T17:00:00Z,PT60M
18,0.13,168,187,889,1011,1082,59.1,15.8,414,1,415,401,18.6,2,89.5,680.7,0,0,0,0,252,256,0.9,0.7,22,2024-02-04T18:00:00Z,PT60M
17,0.13,138,173,887,948,1021,78.6,15.6,203,0,203,196,18.4,1.5,89.5,680,0,0,0,0,257,263,1.1,0.8,29,2024-02-04T19:00:00Z,PT60M
18,0.13,123,154,861,808,884,81.5,15.3,150,0,150,145,18.2,0.8,85.6,679.2,0,0,0,0,246,253,1.1,0.8,41,2024-02-04T20:00:00Z,PT60M
18,0.13,115,133,794,604,681,31.6,15.2,255,267,398,420,17.9,0.4,82.4,678.8,0,0,0,0,241,246,1.1,0.9,54,2024-02-04T21:00:00Z,PT60M
18,0.13,110,105,635,352,422,24.4,14.8,149,308,282,314,17.9,0.5,80.1,678.8,0,0,0,0,267,272,0.9,0.7,68,2024-02-04T22:00:00Z,PT60M
17,0.13,107,52,285,104,139,34.3,13.8,54,117,78,92,18,0.8,79.2,679.1,0,0,0,0,353,336,0.8,0.5,82,2024-02-04T23:00:00Z,PT60M
16,0.13,106,0,0,0,0,58.4,13.6,0,0,0,0,18.1,0.1,84.6,679.5,0,0,0,0,47,59,0.8,0.3,96,2024-02-05T00:00:00Z,PT60M
15,0.13,106,0,0,0,0,77.1,13.7,0,0,0,0,18.3,0.2,90.5,680.1,0,0,0,0,86,104,0.9,0.6,110,2024-02-05T01:00:00Z,PT60M
14,0.13,107,0,0,0,0,87,13.4,0,0,0,0,18.4,0.3,95,680.7,0,0,0,0,102,105,1.4,1,125,2024-02-05T02:00:00Z,PT60M
14,0.13,110,0,0,0,0,87.3,13.4,0,0,0,0,18.6,0.4,98.1,681.1,0,0,0,0,115,105,1.5,1.1,139,2024-02-05T03:00:00Z,PT60M
13,0.13,118,0,0,0,0,78.1,13.3,0,0,0,0,18.7,0.4,99,681.2,0,0,0,0,124,106,1.3,1.1,153,2024-02-05T04:00:00Z,PT60M
13,0.13,143,0,0,0,0,53.1,13.2,0,0,0,0,18.8,0.4,99.7,681,0,0,0,0,121,102,1.2,0.9,164,2024-02-05T05:00:00Z,PT60M
13,0.13,-160,0,0,0,0,41.2,13,0,0,0,0,18.9,0.4,99.7,680.5,0,0,0,0,114,100,1.1,0.9,167,2024-02-05T06:00:00Z,PT60M
13,0.13,-124,0,0,0,0,55.4,12.8,0,0,0,0,18.9,0.5,99.7,680.1,0,0,0,0,114,105,1.3,1,157,2024-02-05T07:00:00Z,PT60M
13,0.13,-112,0,0,0,0,81.8,12.6,0,0,0,0,18.7,0.4,100,679.6,0,0,0,0,113,103,1.3,0.9,144,2024-02-05T08:00:00Z,PT60M
12,0.13,-108,0,0,0,0,79.1,12.4,0,0,0,0,18.5,0.4,100,679.5,0,0,0,0,105,103,1.1,0.9,130,2024-02-05T09:00:00Z,PT60M
12,0.13,-106,0,0,0,0,55,12.4,0,0,0,0,18,0.5,100,679.4,0,0,0,0,104,105,1.6,1.1,115,2024-02-05T10:00:00Z,PT60M
13,0.13,-106,0,0,0,0,46.5,12.5,0,0,0,0,17.7,0.6,100,679.5,0,0,0,0,102,104,1.9,1.2,101,2024-02-05T11:00:00Z,PT60M
12,0.13,-107,20,229,50,78,51.2,12.2,25,0,25,24,17.9,0.8,100,680.2,0,0,0,0,102,105,2.2,1.3,87,2024-02-05T12:00:00Z,PT60M
12,0.13,-109,55,747,285,366,51.9,11.9,133,0,133,128,18.1,0.7,99.3,680.9,0,0,0,0,108,108,2.3,1.4,72,2024-02-05T13:00:00Z,PT60M
13,0.13,-112,76,888,542,627,68.2,11.6,172,0,172,166,18.3,0.5,93.1,681.4,0,0,0,0,115,115,2,1.3,58,2024-02-05T14:00:00Z,PT60M
14,0.13,-119,89,954,764,846,66.1,11.6,260,0,260,251,18.6,0.5,86.6,681.6,0,0,0,0,123,127,1.7,1.2,45,2024-02-05T15:00:00Z,PT60M
15,0.13,-131,97,990,930,1008,50.8,12.3,459,0,459,443,18.6,0.5,85.5,681.6,0,0,0,0,139,146,1.3,0.9,33,2024-02-05T16:00:00Z,PT60M
16,0.13,-155,100,1008,1024,1100,53.9,13.8,435,39,470,460,18.7,0.6,84.9,681.3,0,0,0,0,160,169,0.7,0.5,23,2024-02-05T17:00:00Z,PT60M
18,0.13,167,98,1014,1039,1114,79.5,14.6,212,0,212,204,18.8,1.9,82.1,680.7,0,0,0,0,204,213,0.6,0.5,22,2024-02-05T18:00:00Z,PT60M
18,0.13,138,100,995,971,1048,32,14.8,490,195,660,666,18.7,1.3,81.1,679.9,0,0,0,0,230,232,1.4,1.1,29,2024-02-05T19:00:00Z,PT60M
18,0.13,122,100,957,828,907,32.7,14.8,432,162,560,565,18.6,0.7,81.8,679.1,0,0,0,0,240,241,2,1.4,40,2024-02-05T20:00:00Z,PT60M
17,0.13,114,89,898,622,704,77.5,13.8,143,7,148,144,18.6,0.7,80.9,678.9,0,0,0,0,244,247,1.9,1.4,54,2024-02-05T21:00:00Z,PT60M
16,0.13,110,74,764,371,450,83.5,13.7,60,0,60,57,19,0.3,84.4,678.9,0,0,0,0,222,225,1.3,1,67,2024-02-05T22:00:00Z,PT60M
16,0.13,107,42,404,115,163,81.4,14,18,0,18,17,18.9,0.2,89.6,679.1,0,0,0,0,162,166,1.1,0.7,82,2024-02-05T23:00:00Z,PT60M
15,0.13,106,0,1,0,0,70,13.8,0,0,0,0,18.5,0.3,93.1,679.4,0,0,0,0,135,129,1.4,0.9,96,2024-02-06T00:00:00Z,PT60M
14,0.13,106,0,0,0,0,54,13.6,0,0,0,0,18.6,0.2,96.2,680.1,0,0,0,0,130,119,1.5,1,110,2024-02-06T01:00:00Z,PT60M
14,0.13,107,0,0,0,0,47.2,13.3,0,0,0,0,18.7,0.3,98.1,681,0,0,0,0,122,111,1.5,1,125,2024-02-06T02:00:00Z,PT60M
13,0.13,110,0,0,0,0,35,13.1,0,0,0,0,18.8,0.1,99.7,681.4,0,0,0,0,115,102,1.4,1,139,2024-02-06T03:00:00Z,PT60M
13,0.13,118,0,0,0,0,41.3,13.1,0,0,0,0,18.7,0.1,100,681.5,0,0,0,0,106,99,1.3,1,153,2024-02-06T04:00:00Z,PT60M
13,0.13,142,0,0,0,0,46.8,13,0,0,0,0,18.4,0.1,100,681.3,0,0,0,0,111,103,1.1,0.9,164,2024-02-06T05:00:00Z,PT60M
13,0.13,-160,0,0,0,0,49.8,12.8,0,0,0,0,18.3,0.2,100,680.9,0,0,0,0,108,99,1.1,0.9,167,2024-02-06T06:00:00Z,PT60M
13,0.13,-123,0,0,0,0,44.5,12.5,0,0,0,0,18.2,0.2,100,680.4,0,0,0,0,95,97,1.1,0.9,157,2024-02-06T07:00:00Z,PT60M
12,0.13,-111,0,0,0,0,34.4,12,0,0,0,0,18,0.2,100,680.2,0,0,0,0,93,97,1.1,0.8,144,2024-02-06T08:00:00Z,PT60M
12,0.13,-107,0,0,0,0,18.9,11.6,0,0,0,0,17.9,0.1,100,680.1,0,0,0,0,97,100,1.2,0.9,130,2024-02-06T09:00:00Z,PT60M
12,0.13,-106,0,0,0,0,25.9,11.8,0,0,0,0,17.5,0.1,100,680.2,0,0,0,0,111,107,1.2,1,115,2024-02-06T10:00:00Z,PT60M
12,0.13,-106,0,0,0,0,41.9,12,0,0,0,0,17.1,0,100,680.4,0,0,0,0,120,106,1.4,1.1,101,2024-02-06T11:00:00Z,PT60M
12,0.13,-106,22,204,49,74,58.1,12,28,0,28,27,17.2,0.1,100,681,0,0,0,0,116,104,1.7,1.2,87,2024-02-06T12:00:00Z,PT60M
12,0.13,-108,66,690,280,355,24.2,12,129,249,219,243,17.3,0,98.4,681.8,0,0,0,0,116,112,1.8,1.2,72,2024-02-06T13:00:00Z,PT60M
13,0.13,-112,90,853,539,619,1.8,11.9,108,803,528,605,17.5,0.1,91,682.6,0,0,0,0,125,127,1.3,0.9,58,2024-02-06T14:00:00Z,PT60M
15,0.13,-118,116,908,759,836,18.6,11.9,317,429,615,651,17.6,0.2,82.5,682.8,0,0,0,0,147,154,0.9,0.6,45,2024-02-06T15:00:00Z,PT60M
16,0.13,-131,136,932,922,995,31.1,12.6,489,173,637,640,17.8,0.2,81,682.7,0,0,0,0,173,191,0.8,0.5,32,2024-02-06T16:00:00Z,PT60M
17,0.13,-155,134,963,1018,1089,41.5,14,573,25,595,578,18.3,0.6,82.8,682.4,0,0,0,0,213,224,0.8,0.7,23,2024-02-06T17:00:00Z,PT60M
18,0.13,167,136,962,1032,1102,37.2,14.7,560,94,648,640,18.6,3.4,82.9,681.7,0,0,0,0,243,247,1.3,1,21,2024-02-06T18:00:00Z,PT60M
18,0.13,137,142,935,962,1033,26.8,14.8,469,270,702,715,18.7,2.6,83.4,680.9,0,0,0,0,251,253,1.7,1.2,29,2024-02-06T19:00:00Z,PT60M
18,0.13,122,126,912,822,896,43.9,14.9,386,103,469,467,18.6,2.3,83.4,680.1,0,0,0,0,240,238,1.6,1.2,40,2024-02-06T20:00:00Z,PT60M
18,0.13,114,110,850,617,694,81.7,14.8,118,0,118,114,18.2,1.2,81.3,679.7,0,0,0,0,228,229,1.3,1.1,53,2024-02-06T21:00:00Z,PT60M
17,0.13,109,93,694,364,436,89.3,14.4,41,0,41,39,18,1.1,83.1,679.8,0,0,0,0,240,242,0.9,0.6,67,2024-02-06T22:00:00Z,PT60M
16,0.13,107,50,315,108,146,76.5,13.8,20,0,20,19,17.7,0.4,86,680.1,0,0,0,0,284,285,0.4,0.3,82,2024-02-06T23:00:00Z,PT60M
15,0.13,106,0,0,0,0,69.1,13.4,0,0,0,0,17.5,0.4,89,680.6,0,0,0,0,66,68,0.6,0.4,96,2024-02-07T00:00:00Z,PT60M
14,0.13,105,0,0,0,0,66.6,13.2,0,0,0,0,17.5,0.2,94,681.3,0,0,0,0,92,99,1.5,1,110,2024-02-07T01:00:00Z,PT60M
13,0.13,106,0,0,0,0,77.4,13,0,0,0,0,17.5,0.2,96.8,681.9,0,0,0,0,97,104,2,1.2,125,2024-02-07T02:00:00Z,PT60M
13,0.13,109,0,0,0,0,75.6,12.5,0,0,0,0,17.6,0.8,98.7,682.4,0,0,0,0,111,109,2.1,1.4,139,2024-02-07T03:00:00Z,PT60M
12,0.13,117,0,0,0,0,72.4,12.2,0,0,0,0,17.6,0.5,99.7,682.4,0,0,0,0,118,109,2.1,1.4,153,2024-02-07T04:00:00Z,PT60M
12,0.13,141,0,0,0,0,65.6,12,0,0,0,0,17.6,0.3,100,682.2,0,0,0,0,123,109,2,1.4,165,2024-02-07T05:00:00Z,PT60M
12,0.13,-159,0,0,0,0,53.6,12.1,0,0,0,0,17.6,0.1,100,682,0,0,0,0,124,108,1.8,1.3,167,2024-02-07T06:00:00Z,PT60M
12,0.13,-122,0,0,0,0,52.3,12.1,0,0,0,0,17.6,0.3,100,681.6,0,0,0,0,120,105,1.7,1.2,157,2024-02-07T07:00:00Z,PT60M
12,0.13,-111,0,0,0,0,67.8,12,0,0,0,0,17.6,0.1,100,681.3,0,0,0,0,117,105,1.6,1.1,144,2024-02-07T08:00:00Z,PT60M
12,0.13,-107,0,0,0,0,69.2,11.9,0,0,0,0,17.6,0.1,100,681.1,0,0,0,0,118,108,1.5,1.2,130,2024-02-07T09:00:00Z,PT60M
12,0.13,-105,0,0,0,0,61.3,11.6,0,0,0,0,17.3,0,100,681.2,0,0,0,0,126,106,1.7,1.3,115,2024-02-07T10:00:00Z,PT60M
12,0.13,-105,0,0,0,0,47.1,11.6,0,0,0,0,17,0,100,681.5,0,0,0,0,123,104,2,1.4,101,2024-02-07T11:00:00Z,PT60M
12,0.13,-106,23,186,48,70,38.4,11.8,30,13,32,33,17,0,100,681.9,0,0,0,0,116,105,2.2,1.6,87,2024-02-07T12:00:00Z,PT60M
12,0.13,-108,74,651,276,346,5.2,12.2,86,553,267,326,17.1,0,99,682.3,0,0,0,0,113,107,2.2,1.4,72,2024-02-07T13:00:00Z,PT60M
14,0.13,-112,99,828,536,613,1,12.5,110,800,530,605,17.2,0.1,91.4,682.7,0,0,0,0,115,117,2,1.2,58,2024-02-07T14:00:00Z,PT60M
16,0.13,-118,115,909,761,836,0.7,12.6,124,890,755,829,17.4,0.1,81.8,683.1,0,0,0,0,130,134,1.6,1,45,2024-02-07T15:00:00Z,PT60M
17,0.13,-130,129,943,926,997,3.1,12.5,176,854,896,962,17.8,0.2,74.4,683.1,0,0,0,0,150,160,1.2,0.7,32,2024-02-07T16:00:00Z,PT60M
18,0.13,-155,140,955,1019,1088,27.2,12.5,481,285,741,753,18,0.1,70.5,682.8,0,0,0,0,186,213,0.6,0.4,23,2024-02-07T17:00:00Z,PT60M
18,0.13,167,145,952,1032,1100,79.6,13.1,211,0,211,204,18.2,1.2,71.7,682.2,0,0,0,0,241,250,0.6,0.6,21,2024-02-07T18:00:00Z,PT60M
18,0.13,137,142,937,965,1035,38.8,13.6,511,89,590,583,18.1,1.2,75,681.4,0,0,0,0,238,240,0.9,0.7,28,2024-02-07T19:00:00Z,PT60M
18,0.13,121,134,899,821,893,44.4,14,437,30,461,450,18.5,3.5,76.7,680.8,0,0,0,0,249,246,0.8,0.6,40,2024-02-07T20:00:00Z,PT60M
18,0.13,113,132,794,608,679,30.5,14.2,287,223,411,426,18.8,1.8,77.7,680.6,0,0,0,0,225,232,0.6,0.5,53,2024-02-07T21:00:00Z,PT60M
17,0.13,109,107,637,356,422,17.2,14.5,188,286,286,314,18,0.8,84.5,680.7,0,0,0,0,124,253,0.3,0.2,67,2024-02-07T22:00:00Z,PT60M
16,0.13,107,51,308,108,144,26.1,14.2,68,60,83,88,17.2,1.2,89.6,680.9,0,0,0,0,29,28,0.5,0.2,81,2024-02-07T23:00:00Z,PT60M
15,0.13,105,0,0,0,0,28.1,13.5,0,0,0,0,16.6,0.1,91.6,681,0,0,0,0,27,46,0.6,0.3,96,2024-02-08T00:00:00Z,PT60M
14,0.13,105,0,0,0,0,30.7,13.4,0,0,0,0,16.5,0.2,94.6,681.4,0,0,0,0,46,85,0.4,0.4,110,2024-02-08T01:00:00Z,PT60M
14,0.13,106,0,0,0,0,28.7,13.3,0,0,0,0,16.6,0.1,96.8,682,0,0,0,0,113,117,0.8,0.8,125,2024-02-08T02:00:00Z,PT60M
13,0.13,109,0,0,0,0,3.7,13.1,0,0,0,0,16.5,0,98.7,682.4,0,0,0,0,119,113,1.3,1,139,2024-02-08T03:00:00Z,PT60M
13,0.13,116,0,0,0,0,0,12.9,0,0,0,0,16.5,0,98.4,682.7,0,0,0,0,121,111,1.6,1.2,153,2024-02-08T04:00:00Z,PT60M
13,0.13,140,0,0,0,0,1.3,12.8,0,0,0,0,16.4,0,97.1,682.7,0,0,0,0,117,110,1.9,1.3,165,2024-02-08T05:00:00Z,PT60M
13,0.13,-159,0,0,0,0,3.7,12.5,0,0,0,0,16.1,0,96.8,682.3,0,0,0,0,117,108,2,1.3,167,2024-02-08T06:00:00Z,PT60M
13,0.13,-122,0,0,0,0,0,12.3,0,0,0,0,15.8,0,96.8,681.7,0,0,0,0,118,111,2.1,1.2,158,2024-02-08T07:00:00Z,PT60M
13,0.13,-110,0,0,0,0,0,12.1,0,0,0,0,15.5,0,97.4,681.3,0,0,0,0,117,114,2.1,1.3,144,2024-02-08T08:00:00Z,PT60M
12,0.13,-106,0,0,0,0,19.8,11.9,0,0,0,0,15.2,0,98,681,0,0,0,0,113,109,2,1.2,130,2024-02-08T09:00:00Z,PT60M
12,0.13,-105,0,0,0,0,41.6,11.8,0,0,0,0,15.1,0,97.4,680.8,0,0,0,0,108,102,1.8,1,115,2024-02-08T10:00:00Z,PT60M
12,0.13,-105,0,0,0,0,22.1,11.9,0,0,0,0,15.3,0,97.1,680.9,0,0,0,0,108,104,1.6,0.8,101,2024-02-08T11:00:00Z,PT60M
12,0.13,-106,24,181,48,69,30.3,11.8,27,93,40,51,15.2,0,98.4,681.4,0,0,0,0,111,106,1.7,0.9,87,2024-02-08T12:00:00Z,PT60M
12,0.13,-108,71,673,281,351,0.2,11.7,72,670,281,351,15.1,0,98,681.9,0,0,0,0,110,106,1.5,0.9,72,2024-02-08T13:00:00Z,PT60M
13,0.13,-111,97,843,542,619,8,11.9,167,639,494,554,14.9,0,90.7,682.4,0,0,0,0,112,112,1.2,0.8,58,2024-02-08T14:00:00Z,PT60M
15,0.13,-118,112,923,769,843,37.2,12,360,172,474,481,15.1,0.1,81.8,682.6,0,0,0,0,124,126,0.8,0.5,45,2024-02-08T15:00:00Z,PT60M
16,0.13,-130,121,963,937,1007,53.4,12.2,394,45,430,421,15.5,0.3,78.4,682.5,0,0,0,0,159,171,0.4,0.3,32,2024-02-08T16:00:00Z,PT60M
16,0.13,-154,132,973,1029,1097,69.1,12.5,320,0,320,309,15.9,0.2,78.7,682.2,0,0,0,0,247,247,0.3,0.3,23,2024-02-08T17:00:00Z,PT60M
16,0.13,167,139,966,1042,1108,41.7,12.6,519,95,608,600,16.2,0.3,80,681.6,0,0,0,0,270,266,0.9,0.7,21,2024-02-08T18:00:00Z,PT60M
16,0.13,136,142,942,972,1039,71.9,13.1,272,0,272,263,16.5,0.3,81.1,681,0,0,0,0,264,258,1,0.8,28,2024-02-08T19:00:00Z,PT60M
17,0.13,121,136,901,827,897,73.4,13.9,222,0,222,214,16.6,0.1,82.2,680.4,0,0,0,0,270,265,0.8,0.6,40,2024-02-08T20:00:00Z,PT60M
18,0.13,113,125,820,617,689,49.7,14.6,305,0,305,294,16.4,0.3,83.4,680.1,0,0,0,0,280,275,0.6,0.5,53,2024-02-08T21:00:00Z,PT60M
17,0.13,109,108,636,359,423,51.2,14.3,181,0,181,175,16.2,0.2,82.8,680.2,0,0,0,0,281,279,0.7,0.6,67,2024-02-08T22:00:00Z,PT60M
17,0.13,106,55,267,105,136,40.9,13.8,59,0,59,57,16.1,0.1,83.5,680.5,0,0,0,0,296,289,0.8,0.6,81,2024-02-08T23:00:00Z,PT60M
16,0.13,105,0,0,1,1,27.6,13.7,0,0,0,0,15.9,0,86,680.8,0,0,0,0,19,13,0.4,0.3,96,2024-02-09T00:00:00Z,PT60M
15,0.13,105,0,0,0,0,1.5,13.6,0,0,0,0,15.6,0,89,681.3,0,0,0,0,98,97,1,0.7,110,2024-02-09T01:00:00Z,PT60M
15,0.13,105,0,0,0,0,5.9,13.6,0,0,0,0,15.4,0,93.1,681.7,0,0,0,0,108,107,1.3,0.8,125,2024-02-09T02:00:00Z,PT60M
14,0.13,108,0,0,0,0,19.5,13.5,0,0,0,0,15.2,0,95.6,682.2,0,0,0,0,108,107,1.3,0.7,139,2024-02-09T03:00:00Z,PT60M
14,0.13,116,0,0,0,0,34.8,13.4,0,0,0,0,15.1,0.1,96.8,682.3,0,0,0,0,113,112,1,0.5,153,2024-02-09T04:00:00Z,PT60M
14,0.13,140,0,0,0,0,62.3,13.3,0,0,0,0,15.3,0,97.7,682.2,0,0,0,0,128,122,0.8,0.5,165,2024-02-09T05:00:00Z,PT60M
14,0.13,-159,0,0,0,0,42.6,13.2,0,0,0,0,15.5,0,98.4,681.9,0,0,0,0,131,128,1.1,0.6,168,2024-02-09T06:00:00Z,PT60M
13,0.13,-121,0,0,0,0,35.7,13.2,0,0,0,0,15.5,0,99,681.4,0,0,0,0,123,120,1.5,0.8,158,2024-02-09T07:00:00Z,PT60M
13,0.13,-110,0,0,0,0,44.2,13,0,0,0,0,15.3,0,99.3,681,0,0,0,0,116,110,1.8,1,144,2024-02-09T08:00:00Z,PT60M
13,0.13,-106,0,0,0,0,42.9,12.7,0,0,0,0,15,0,98.7,680.8,0,0,0,0,112,108,2,1,130,2024-02-09T09:00:00Z,PT60M
13,0.13,-105,0,0,0,0,35.3,12.5,0,0,0,0,14.5,0,98.1,680.7,0,0,0,0,111,106,1.8,0.9,115,2024-02-09T10:00:00Z,PT60M
13,0.13,-105,0,0,0,0,34.4,12.5,0,0,0,0,13.9,0,97.7,681,0,0,0,0,112,105,1.7,1,101,2024-02-09T11:00:00Z,PT60M
13,0.13,-106,23,199,49,72,46.3,12.5,24,0,24,23,13.5,0,96.8,681.2,0,0,0,0,112,105,2.1,1.1,87,2024-02-09T12:00:00Z,PT60M
14,0.13,-108,69,691,285,355,35.6,12.6,151,114,193,201,13.3,0,94,681.7,0,0,0,0,117,113,2,1.1,72,2024-02-09T13:00:00Z,PT60M
15,0.13,-111,90,867,549,625,18.1,13.2,201,463,457,497,13.3,0.1,86.5,682.1,0,0,0,0,128,131,1.5,1,58,2024-02-09T14:00:00Z,PT60M
17,0.13,-117,104,943,777,849,28.6,13.2,337,312,545,563,13.6,0.1,77.4,682.2,0,0,0,0,137,140,1.2,0.9,44,2024-02-09T15:00:00Z,PT60M
18,0.13,-129,113,980,944,1013,38.5,12.6,498,98,583,577,14.1,0.1,71,682.2,0,0,0,0,140,146,1.2,0.7,32,2024-02-09T16:00:00Z,PT60M
18,0.13,-154,114,1002,1041,1107,40.5,12.3,529,98,619,610,14.4,0.1,67.2,682,0,0,0,0,140,146,1.2,0.7,22,2024-02-09T17:00:00Z,PT60M
19,0.13,167,108,1015,1058,1124,51.6,12.1,510,3,512,495,14.3,0.2,65.3,681.5,0,0,0,0,141,144,1.1,0.7,21,2024-02-09T18:00:00Z,PT60M
19,0.13,136,101,1010,992,1061,72.1,12.1,278,0,278,268,14,0.2,66.3,680.8,0,0,0,0,137,145,0.7,0.4,28,2024-02-09T19:00:00Z,PT60M
18,0.13,121,98,976,848,920,23.6,12.5,359,377,647,672,13.9,0.3,69.4,680,0,0,0,0,104,79,0.3,0.1,40,2024-02-09T20:00:00Z,PT60M
18,0.13,113,93,906,637,712,35,13,340,123,416,419,14,0.2,71,679.5,0,0,0,0,33,319,0.2,0.1,53,2024-02-09T21:00:00Z,PT60M
18,0.13,108,80,769,382,455,21.9,13.4,169,326,305,335,13.4,0.2,74.5,679.5,0,0,0,0,0,330,0.4,0.3,67,2024-02-09T22:00:00Z,PT60M
17,0.13,106,45,413,120,166,62.5,13.8,35,0,35,34,12.6,0.2,79.4,679.7,0,0,0,0,6,343,0.6,0.4,81,2024-02-09T23:00:00Z,PT60M
17,0.13,105,1,1,1,1,29,14.1,0,0,0,0,12.3,0,84.4,679.9,0,0,0,0,59,46,0.5,0.2,96,2024-02-10T00:00:00Z,PT60M
16,0.13,104,0,0,0,0,1.1,14.1,0,0,0,0,12,0.1,88.2,680.5,0,0,0,0,100,101,1.3,0.7,110,2024-02-10T01:00:00Z,PT60M
15,0.13,105,0,0,0,0,3.9,13.8,0,0,0,0,11.6,0,91.7,681,0,0,0,0,107,105,2.2,1.1,125,2024-02-10T02:00:00Z,PT60M
14,0.13,108,0,0,0,0,8.8,13.8,0,0,0,0,11.3,0.1,95.9,681.5,0,0,0,0,111,106,2.6,1.3,139,2024-02-10T03:00:00Z,PT60M
14,0.13,115,0,0,0,0,17.3,13.8,0,0,0,0,11.4,0.1,96.8,681.8,0,0,0,0,113,108,2.4,1.3,153,2024-02-10T04:00:00Z,PT60M
14,0.13,139,0,0,0,0,0,13.8,0,0,0,0,11.8,0.1,96.8,681.7,0,0,0,0,116,108,2.2,1.1,165,2024-02-10T05:00:00Z,PT60M
14,0.13,-158,0,0,0,0,18.6,13.8,0,0,0,0,12.1,0.1,97.4,681.4,0,0,0,0,118,105,2,1,168,2024-02-10T06:00:00Z,PT60M
14,0.13,-120,0,0,0,0,17.3,13.7,0,0,0,0,12,0,97.4,681.1,0,0,0,0,120,104,2.1,1,158,2024-02-10T07:00:00Z,PT60M
14,0.13,-109,0,0,0,0,3.5,13.4,0,0,0,0,11.6,0,97.4,680.6,0,0,0,0,124,111,2.3,1.1,144,2024-02-10T08:00:00Z,PT60M
13,0.13,-106,0,0,0,0,30.1,13,0,0,0,0,11.4,0,98.4,680.3,0,0,0,0,126,114,2.4,1.2,130,2024-02-10T09:00:00Z,PT60M
13,0.13,-104,0,0,0,0,31.9,12.9,0,0,0,0,11.4,0,98.7,680.4,0,0,0,0,124,111,2.2,1.1,116,2024-02-10T10:00:00Z,PT60M
13,0.13,-104,0,0,0,0,38.9,13,0,0,0,0,11.7,0,98.4,680.6,0,0,0,0,117,105,2.2,1.1,101,2024-02-10T11:00:00Z,PT60M
13,0.13,-105,22,225,51,76,57.5,13.1,19,0,19,18,12,0,98.4,680.9,0,0,0,0,114,106,2.5,1.3,87,2024-02-10T12:00:00Z,PT60M
13,0.13,-107,65,721,290,361,57.2,13,134,4,136,132,12.2,0,97.4,681.6,0,0,0,0,117,111,2.2,1.2,72,2024-02-10T13:00:00Z,PT60M
14,0.13,-111,83,889,555,630,30.2,13.2,280,195,392,403,12.4,0.1,92.8,682.1,0,0,0,0,120,118,2,1.4,58,2024-02-10T14:00:00Z,PT60M
16,0.13,-117,94,966,784,855,23.9,13.4,340,364,591,615,12.6,0.2,86.2,682.2,0,0,0,0,121,123,2.3,1.7,44,2024-02-10T15:00:00Z,PT60M
17,0.13,-129,102,1002,953,1021,22.2,13.2,389,415,743,767,12.7,0.2,78.9,682.2,0,0,0,0,123,125,2.5,1.8,32,2024-02-10T16:00:00Z,PT60M
18,0.13,-153,108,1018,1050,1115,13.7,13,319,634,907,947,12.5,0.2,73.5,681.9,0,0,0,0,127,127,2.5,1.8,22,2024-02-10T17:00:00Z,PT60M
18,0.13,167,106,1025,1067,1131,4.3,12.9,180,897,1021,1079,12.2,0.1,70.8,681.2,0,0,0,0,128,126,2.5,1.7,20,2024-02-10T18:00:00Z,PT60M
19,0.13,136,101,1016,1000,1066,21.6,13,396,440,783,808,12.1,0.1,68.2,680.5,0,0,0,0,122,121,2,1.2,28,2024-02-10T19:00:00Z,PT60M
20,0.13,120,96,986,855,925,8.1,13,210,750,785,842,12,0.1,65.3,680,0,0,0,0,112,110,1.3,0.7,40,2024-02-10T20:00:00Z,PT60M
20,0.13,112,88,926,645,719,0.3,12.8,91,917,643,717,12,0.1,63.2,679.7,0,0,0,0,104,101,1,0.5,53,2024-02-10T21:00:00Z,PT60M
20,0.13,108,73,804,389,463,3.3,12.8,90,724,378,445,11.5,0,65,679.7,0,0,0,0,83,61,0.5,0.3,67,2024-02-10T22:00:00Z,PT60M
19,0.13,106,42,458,125,174,26.2,13.4,65,136,93,106,10.9,0,70,679.8,0,0,0,0,53,3,0.4,0.2,81,2024-02-10T23:00:00Z,PT60M
18,0.13,104,1,1,1,1,14.3,13.9,1,0,1,1,10.5,0,77.3,680.1,0,0,0,0,88,85,0.8,0.5,96,2024-02-11T00:00:00Z,PT60M
17,0.13,104,0,0,0,0,4.9,13.9,0,0,0,0,10.1,0,84.1,680.6,0,0,0,0,102,102,1.4,0.9,110,2024-02-11T01:00:00Z,PT60M
15,0.13,105,0,0,0,0,13.2,13.5,0,0,0,0,10,0,89,681.2,0,0,0,0,103,106,1.8,1.1,125,2024-02-11T02:00:00Z,PT60M
14,0.13,107,0,0,0,0,10.9,13,0,0,0,0,10,0,92.8,681.7,0,0,0,0,103,106,2.2,1.3,139,2024-02-11T03:00:00Z,PT60M
14,0.13,114,0,0,0,0,10.7,12.6,0,0,0,0,9.9,0,93.1,681.8,0,0,0,0,106,105,2.5,1.5,153,2024-02-11T04:00:00Z,PT60M
13,0.13,138,0,0,0,0,0,12.3,0,0,0,0,9.7,0,93.4,681.6,0,0,0,0,109,104,2.7,1.6,165,2024-02-11T05:00:00Z,PT60M
13,0.13,-158,0,0,0,0,15,12,0,0,0,0,9.6,0,94.3,681.1,0,0,0,0,112,106,2.8,1.6,168,2024-02-11T06:00:00Z,PT60M
13,0.13,-119,0,0,0,0,18.6,11.6,0,0,0,0,9.3,0,94.2,680.6,0,0,0,0,113,108,2.7,1.6,158,2024-02-11T07:00:00Z,PT60M
12,0.13,-109,0,0,0,0,4.8,11.4,0,0,0,0,9,0,93.6,680.2,0,0,0,0,111,108,2.7,1.6,144,2024-02-11T08:00:00Z,PT60M
13,0.13,-105,0,0,0,0,3.4,11.3,0,0,0,0,8.7,0,92.7,680,0,0,0,0,111,110,2.8,1.6,130,2024-02-11T09:00:00Z,PT60M
12,0.13,-104,0,0,0,0,29.9,10.8,0,0,0,0,8.3,0,91.5,680.2,0,0,0,0,112,109,2.9,1.7,116,2024-02-11T10:00:00Z,PT60M
12,0.13,-104,0,0,0,0,33.3,10.4,0,0,0,0,8.1,0,90.2,680.4,0,0,0,0,111,106,3.2,1.8,101,2024-02-11T11:00:00Z,PT60M
12,0.13,-105,23,214,51,75,45.5,10,28,0,28,27,8.1,0,89.6,680.8,0,0,0,0,111,107,3.3,1.9,87,2024-02-11T12:00:00Z,PT60M
12,0.13,-107,69,716,293,363,37,10,167,66,189,191,8.4,0,89.9,681.6,0,0,0,0,111,107,2.9,1.9,72,2024-02-11T13:00:00Z,PT60M
13,0.13,-110,86,899,564,638,22.8,10.8,252,346,436,463,8.6,0,85.4,682.1,0,0,0,0,111,109,2.5,1.7,58,2024-02-11T14:00:00Z,PT60M
16,0.13,-116,97,976,795,866,30,11.4,393,228,559,569,8.9,0,76.1,682.3,0,0,0,0,116,116,2.2,1.5,44,2024-02-11T15:00:00Z,PT60M
18,0.13,-128,110,1004,965,1030,18,11.3,361,504,792,825,9.2,0,67,682.2,0,0,0,0,120,122,2.3,1.5,32,2024-02-11T16:00:00Z,PT60M
19,0.13,-153,118,1016,1060,1123,2.9,11,168,927,1029,1087,9.5,0,58.9,681.9,0,0,0,0,122,122,2.4,1.6,22,2024-02-11T17:00:00Z,PT60M
20,0.13,167,118,1018,1075,1137,4,10.7,190,897,1032,1087,9.6,0,54,681.3,0,0,0,0,121,121,2.2,1.3,20,2024-02-11T18:00:00Z,PT60M
21,0.13,135,120,999,1006,1070,0,10.8,120,999,1006,1070,9.5,0,52.8,680.6,0,0,0,0,111,111,1.6,0.9,27,2024-02-11T19:00:00Z,PT60M
21,0.13,120,121,956,859,925,0,10.9,121,956,859,925,9.3,0,52.3,679.9,0,0,0,0,95,83,1.1,0.6,39,2024-02-11T20:00:00Z,PT60M
21,0.13,112,113,881,645,715,0,11,113,881,645,715,9.1,0,52.5,679.4,0,0,0,0,69,41,0.6,0.3,53,2024-02-11T21:00:00Z,PT60M
20,0.13,108,94,731,384,451,1,11.8,99,707,381,446,9.3,0,57.8,679.4,0,0,0,0,5,327,0.2,0.2,67,2024-02-11T22:00:00Z,PT60M
19,0.13,105,52,346,117,154,19.3,13.1,60,176,99,117,9.6,0,68,679.7,0,0,0,0,342,8,0.2,0.1,81,2024-02-11T23:00:00Z,PT60M
18,0.13,104,1,0,1,1,13.7,13.7,1,0,1,1,9.6,0,77,680.2,0,0,0,0,73,104,0.5,0.6,96,2024-02-12T00:00:00Z,PT60M
16,0.13,104,0,0,0,0,7.7,13.6,0,0,0,0,9.4,0,83.5,680.8,0,0,0,0,90,108,1.2,1,110,2024-02-12T01:00:00Z,PT60M
15,0.13,104,0,0,0,0,0,13.2,0,0,0,0,9.4,0,88.7,681.4,0,0,0,0,86,104,1.4,1,125,2024-02-12T02:00:00Z,PT60M
14,0.13,107,0,0,0,0,4.7,12.7,0,0,0,0,9.4,0,92.5,681.8,0,0,0,0,86,104,1.4,1,139,2024-02-12T03:00:00Z,PT60M
13,0.13,113,0,0,0,0,0,12.2,0,0,0,0,9.7,0,95.2,682,0,0,0,0,97,108,1.5,1.2,153,2024-02-12T04:00:00Z,PT60M
13,0.13,137,0,0,0,0,4.1,11.9,0,0,0,0,9.9,0,95.2,681.8,0,0,0,0,104,106,1.7,1.3,166,2024-02-12T05:00:00Z,PT60M
12,0.13,-157,0,0,0,0,10,11.5,0,0,0,0,9.8,0,94.2,681.5,0,0,0,0,103,104,1.8,1.2,169,2024-02-12T06:00:00Z,PT60M
12,0.13,-119,0,0,0,0,1.1,11.1,0,0,0,0,9.7,0,93.6,681.1,0,0,0,0,106,106,2,1.3,158,2024-02-12T07:00:00Z,PT60M
12,0.13,-108,0,0,0,0,0,10.7,0,0,0,0,9.6,0,93,680.7,0,0,0,0,110,108,2,1.4,144,2024-02-12T08:00:00Z,PT60M
12,0.13,-105,0,0,0,0,0,10.5,0,0,0,0,9.3,0,92.7,680.5,0,0,0,0,111,108,2.1,1.5,130,2024-02-12T09:00:00Z,PT60M
12,0.13,-104,0,0,0,0,14.6,10.8,0,0,0,0,9.1,0,93.3,680.4,0,0,0,0,113,105,2.1,1.4,116,2024-02-12T10:00:00Z,PT60M
12,0.13,-104,0,0,0,0,11.7,10.9,0,0,0,0,9,0,94.2,680.6,0,0,0,0,111,102,2.1,1.4,101,2024-02-12T11:00:00Z,PT60M
12,0.13,-105,24,197,50,72,3.5,10.6,24,197,50,72,8.7,0,92.7,680.9,0,0,0,0,110,103,2.5,1.6,87,2024-02-12T12:00:00Z,PT60M
12,0.13,-106,72,702,292,359,0,10,72,702,292,359,8.8,0,89.3,681.3,0,0,0,0,114,107,2.4,1.6,72,2024-02-12T13:00:00Z,PT60M
13,0.13,-110,90,888,563,634,0,9.7,90,888,563,634,9,0,80.2,681.7,0,0,0,0,118,116,1.8,1.3,58,2024-02-12T14:00:00Z,PT60M
16,0.13,-116,101,966,793,861,3.9,10,154,852,761,822,9.6,0,68.9,682,0,0,0,0,127,128,1.3,0.8,44,2024-02-12T15:00:00Z,PT60M
18,0.13,-128,109,1000,963,1025,9.4,10.3,254,724,872,920,10.3,0,61.7,681.9,0,0,0,0,133,135,1.1,0.6,31,2024-02-12T16:00:00Z,PT60M
19,0.13,-153,117,1011,1057,1117,20.9,10.4,425,443,835,857,10.9,0,56.4,681.4,0,0,0,0,148,165,0.7,0.4,22,2024-02-12T17:00:00Z,PT60M
20,0.13,166,120,1009,1070,1129,20.4,10.6,431,447,851,874,11.3,0,53.5,680.8,0,0,0,0,225,256,0.2,0.2,20,2024-02-12T18:00:00Z,PT60M
21,0.13,135,120,991,1000,1060,14.6,11,337,581,855,890,11.9,0.1,53.6,680.2,0,0,0,0,323,303,0.2,0.2,27,2024-02-12T19:00:00Z,PT60M
21,0.13,119,120,946,851,915,28.1,11.7,412,254,615,625,12.3,0,55.8,679.7,0,0,0,0,0,323,0.3,0.3,39,2024-02-12T20:00:00Z,PT60M
21,0.13,112,115,861,637,703,21.6,12.4,281,356,504,527,12.5,0.1,59.5,679.3,0,0,0,0,317,303,0.5,0.5,53,2024-02-12T21:00:00Z,PT60M
20,0.13,107,99,698,376,439,31,13,206,135,250,258,12.4,0,64.5,679.3,0,0,0,0,305,304,0.6,0.5,67,2024-02-12T22:00:00Z,PT60M
19,0.13,105,53,324,115,148,25.6,13.6,77,20,80,80,12.1,0,69.6,679.8,0,0,0,0,338,353,0.4,0.3,81,2024-02-12T23:00:00Z,PT60M
18,0.13,104,1,0,1,1,13.8,14,1,0,1,1,12.1,0,76.5,680.3,0,0,0,0,39,75,0.5,0.5,96,2024-02-13T00:00:00Z,PT60M
17,0.13,103,0,0,0,0,10.1,14,0,0,0,0,12,0,84.9,681,0,0,0,0,63,98,0.8,0.8,110,2024-02-13T01:00:00Z,PT60M
15,0.13,104,0,0,0,0,5.2,13.7,0,0,0,0,12,0.2,89.9,681.7,0,0,0,0,60,102,0.8,0.7,125,2024-02-13T02:00:00Z,PT60M
14,0.13,106,0,0,0,0,11.2,13.2,0,0,0,0,11.8,0.1,93.1,682.2,0,0,0,0,37,94,0.8,0.7,139,2024-02-13T03:00:00Z,PT60M
13,0.13,113,0,0,0,0,30.6,12.8,0,0,0,0,11.6,0,95.8,682.4,0,0,0,0,27,90,0.8,0.7,153,2024-02-13T04:00:00Z,PT60M
13,0.13,136,0,0,0,0,35.6,12.5,0,0,0,0,11.4,0,97.4,682.3,0,0,0,0,42,94,0.8,0.7,166,2024-02-13T05:00:00Z,PT60M
13,0.13,-157,0,0,0,0,15.5,12.2,0,0,0,0,11.3,0.2,98.4,681.9,0,0,0,0,69,101,0.9,0.8,169,2024-02-13T06:00:00Z,PT60M
12,0.13,-118,0,0,0,0,36.8,11.8,0,0,0,0,11.1,0,98.7,681.4,0,0,0,0,93,106,1,0.9,158,2024-02-13T07:00:00Z,PT60M
12,0.13,-108,0,0,0,0,45.2,11.5,0,0,0,0,11,0,99.3,681.1,0,0,0,0,103,107,1.3,1,144,2024-02-13T08:00:00Z,PT60M
12,0.13,-104,0,0,0,0,29.1,11.4,0,0,0,0,10.7,0,99.3,681,0,0,0,0,108,105,1.6,1.2,130,2024-02-13T09:00:00Z,PT60M
11,0.13,-103,0,0,0,0,11.8,11.3,0,0,0,0,10.9,0,99.3,681,0,0,0,0,118,104,1.5,1.3,116,2024-02-13T10:00:00Z,PT60M
11,0.13,-103,0,0,0,0,20.5,11.2,0,0,0,0,11,0,99.7,681.2,0,0,0,0,120,103,1.5,1.3,101,2024-02-13T11:00:00Z,PT60M
11,0.13,-104,28,128,45,59,46.4,11.1,22,0,22,21,10.4,0,99,681.6,0,0,0,0,114,103,1.7,1.4,86,2024-02-13T12:00:00Z,PT60M
11,0.13,-106,94,563,274,327,10.7,10.2,109,420,255,293,9.9,0,92.4,682.1,0,0,0,0,113,107,2,1.4,72,2024-02-13T13:00:00Z,PT60M
13,0.13,-110,122,796,547,611,0,10.1,122,796,547,611,9.7,0,80.8,682.6,0,0,0,0,119,117,1.8,1.2,58,2024-02-13T14:00:00Z,PT60M
16,0.13,-115,133,905,783,846,5.5,10.7,202,751,740,793,9.8,0,71.1,682.8,0,0,0,0,128,129,1.5,1,44,2024-02-13T15:00:00Z,PT60M
17,0.13,-127,136,961,957,1016,1.4,10.7,156,921,945,1001,10.1,0,64.8,682.6,0,0,0,0,129,131,1.6,1,31,2024-02-13T16:00:00Z,PT60M
19,0.13,-152,136,988,1055,1112,1.5,10.7,162,942,1039,1093,10.5,0,59.2,682,0,0,0,0,125,127,1.8,1.1,21,2024-02-13T17:00:00Z,PT60M
20,0.13,166,138,987,1069,1125,8.7,10.6,281,736,976,1017,10.8,0,53.8,681.2,0,0,0,0,119,121,1.3,0.8,19,2024-02-13T18:00:00Z,PT60M
21,0.13,134,140,965,998,1055,19.2,10.9,413,441,807,830,11.2,0,53.3,680.6,0,0,0,0,118,139,0.6,0.3,27,2024-02-13T19:00:00Z,PT60M
21,0.13,119,136,920,849,909,18.4,11.6,354,436,695,721,11.8,0.1,55.8,680.2,0,0,0,0,214,253,0.1,0.2,39,2024-02-13T20:00:00Z,PT60M
21,0.13,111,125,839,635,697,10.4,12.2,225,574,563,606,12.3,0.1,58.6,679.8,0,0,0,0,270,279,0.3,0.3,53,2024-02-13T21:00:00Z,PT60M
20,0.13,107,106,665,372,430,6.3,12.6,139,524,348,395,12.7,0,63.6,679.9,0,0,0,0,234,253,0.4,0.3,67,2024-02-13T22:00:00Z,PT60M
18,0.13,105,57,271,110,137,30.6,13.2,64,45,75,78,12.8,0,71.8,680.3,0,0,0,0,171,174,0.5,0.3,81,2024-02-13T23:00:00Z,PT60M
17,0.13,103,1,0,1,1,26.8,13.6,0,0,0,0,12.5,0,80.4,680.7,0,0,0,0,103,103,0.9,0.7,96,2024-02-14T00:00:00Z,PT60M
15,0.13,103,0,0,0,0,15.8,13.4,0,0,0,0,12.3,0,87.9,681.3,0,0,0,0,94,106,1.4,1.1,110,2024-02-14T01:00:00Z,PT60M
14,0.13,103,0,0,0,0,17.9,13.1,0,0,0,0,12.3,0,93.4,681.9,0,0,0,0,98,108,1.5,1.1,125,2024-02-14T02:00:00Z,PT60M
14,0.13,106,0,0,0,0,13.4,12.8,0,0,0,0,12.3,0,95.5,682.3,0,0,0,0,99,107,1.6,1.2,139,2024-02-14T03:00:00Z,PT60M
13,0.13,112,0,0,0,0,13.2,12.3,0,0,0,0,12.3,0,95.5,682.5,0,0,0,0,102,109,1.8,1.4,153,2024-02-14T04:00:00Z,PT60M
12,0.13,135,0,0,0,0,27.6,11.6,0,0,0,0,12.3,0,95.2,682.5,0,0,0,0,108,109,2.1,1.5,166,2024-02-14T05:00:00Z,PT60M
12,0.13,-156,0,0,0,0,11.7,11,0,0,0,0,12.2,0,94.5,682.3,0,0,0,0,113,110,2.4,1.6,169,2024-02-14T06:00:00Z,PT60M
12,0.13,-117,0,0,0,0,19.6,10.4,0,0,0,0,11.9,0,92.7,681.9,0,0,0,0,116,108,2.6,1.7,158,2024-02-14T07:00:00Z,PT60M
12,0.13,-107,0,0,0,0,18,10,0,0,0,0,11.3,0,90.8,681.4,0,0,0,0,116,108,2.8,1.8,145,2024-02-14T08:00:00Z,PT60M
12,0.13,-104,0,0,0,0,8.3,10,0,0,0,0,10.9,0,90.2,681.2,0,0,0,0,114,109,2.8,1.8,130,2024-02-14T09:00:00Z,PT60M
12,0.13,-103,0,0,0,0,16.7,9.9,0,0,0,0,11,0,88.4,681.1,0,0,0,0,115,109,2.8,1.8,116,2024-02-14T10:00:00Z,PT60M
12,0.13,-103,0,0,0,0,28.5,9.5,0,0,0,0,11,0,86.9,681.2,0,0,0,0,114,108,2.9,1.9,101,2024-02-14T11:00:00Z,PT60M
11,0.13,-104,27,155,48,64,28.3,9,33,19,36,37,11,0,85.5,681.7,0,0,0,0,114,106,3.1,2,86,2024-02-14T12:00:00Z,PT60M
12,0.13,-106,86,611,280,336,1.4,8.7,89,585,278,331,11.3,0,82.7,682.3,0,0,0,0,113,107,2.9,1.9,72,2024-02-14T13:00:00Z,PT60M
13,0.13,-109,113,813,548,611,0,8.7,114,812,548,610,11.7,0,76.2,682.9,0,0,0,0,115,114,2.8,1.9,58,2024-02-14T14:00:00Z,PT60M
15,0.13,-115,127,905,780,839,8.1,9.1,228,679,715,761,12.3,0,68.1,683.3,0,0,0,0,119,119,3.4,2.4,44,2024-02-14T15:00:00Z,PT60M
16,0.13,-127,136,950,950,1005,14.4,9.5,340,553,812,844,12.8,0,63.5,683,0,0,0,0,119,119,4.4,3,31,2024-02-14T16:00:00Z,PT60M
18,0.13,-152,145,965,1045,1098,22.2,9.9,457,383,812,827,13.2,0,61.2,682.7,0,0,0,0,121,122,4.7,3.3,21,2024-02-14T17:00:00Z,PT60M
19,0.13,166,150,961,1058,1110,14.3,10,376,562,907,936,13.5,0,56.5,682.2,0,0,0,0,122,123,4.8,3.3,19,2024-02-14T18:00:00Z,PT60M
20,0.13,133,145,949,991,1044,20.8,9.9,408,419,788,806,13.6,0,53.7,681.4,0,0,0,0,120,121,4.5,3.1,27,2024-02-14T19:00:00Z,PT60M
20,0.13,118,133,919,847,904,39.7,10.1,464,58,507,496,13.6,0,54.4,680.8,0,0,0,0,115,117,3.7,2.6,39,2024-02-14T20:00:00Z,PT60M
20,0.13,111,116,856,637,698,39.4,10.2,340,76,391,387,13.6,0,54.4,680.5,0,0,0,0,113,114,2.8,1.9,53,2024-02-14T21:00:00Z,PT60M
19,0.13,107,92,726,381,442,60.9,10.8,159,0,159,153,13.7,0,58.5,680.7,0,0,0,0,120,121,2.1,1.3,67,2024-02-14T22:00:00Z,PT60M
18,0.13,104,49,378,120,157,63.3,12,35,0,35,34,13.8,0,67.6,681,0,0,0,0,124,122,1.8,0.9,81,2024-02-14T23:00:00Z,PT60M
17,0.13,103,1,1,1,1,42.6,12.6,1,0,1,1,13.7,0,78.1,681.3,0,0,0,0,118,110,1.8,1,96,2024-02-15T00:00:00Z,PT60M
15,0.13,103,0,0,0,0,24.7,12.5,0,0,0,0,13.4,0,85.6,681.7,0,0,0,0,117,111,2.2,1.3,110,2024-02-15T01:00:00Z,PT60M
14,0.13,103,0,0,0,0,0,12,0,0,0,0,13.1,0,89.8,682.2,0,0,0,0,116,110,2.7,1.5,125,2024-02-15T02:00:00Z,PT60M
13,0.13,105,0,0,0,0,0,11.4,0,0,0,0,13,0,91.5,682.5,0,0,0,0,115,108,3,1.6,139,2024-02-15T03:00:00Z,PT60M
12,0.13,111,0,0,0,0,11.1,10.9,0,0,0,0,13,0,91.5,682.6,0,0,0,0,116,109,3.1,1.7,154,2024-02-15T04:00:00Z,PT60M
12,0.13,134,0,0,0,0,49,10.6,0,0,0,0,13.2,0,92.4,682.3,0,0,0,0,117,110,3.2,1.8,166,2024-02-15T05:00:00Z,PT60M
11,0.13,-155,0,0,0,0,36.5,10.3,0,0,0,0,13.4,0,93.9,682,0,0,0,0,116,109,3.3,1.8,169,2024-02-15T06:00:00Z,PT60M
11,0.13,-116,0,0,0,0,48.2,10.3,0,0,0,0,13.7,0,95.1,681.6,0,0,0,0,116,108,3.4,1.9,159,2024-02-15T07:00:00Z,PT60M
11,0.13,-107,0,0,0,0,59,10.2,0,0,0,0,13.8,0,94.5,681.2,0,0,0,0,115,108,3.6,2,145,2024-02-15T08:00:00Z,PT60M
12,0.13,-103,0,0,0,0,37.8,10.3,0,0,0,0,13.9,0,92.3,681,0,0,0,0,115,108,3.6,1.9,130,2024-02-15T09:00:00Z,PT60M
12,0.13,-102,0,0,0,0,28.6,10.8,0,0,0,0,14.4,0,89.7,681,0,0,0,0,115,110,3.5,1.9,116,2024-02-15T10:00:00Z,PT60M
13,0.13,-103,0,0,0,0,28.9,11.1,0,0,0,0,14.9,0,88.2,681.3,0,0,0,0,115,109,3.6,2,101,2024-02-15T11:00:00Z,PT60M
13,0.13,-104,26,162,48,64,55.7,11.1,22,0,22,21,15,0,87.7,681.8,0,0,0,0,114,108,3.6,2.1,86,2024-02-15T12:00:00Z,PT60M
13,0.13,-105,83,615,279,333,50.5,10.6,140,0,140,135,15,0,87.1,682.3,0,0,0,0,115,111,3.5,2.1,72,2024-02-15T13:00:00Z,PT60M
13,0.13,-109,105,823,547,607,55.6,10.8,245,0,245,237,14.9,0,84.6,682.8,0,0,0,0,118,117,3.3,2.2,58,2024-02-15T14:00:00Z,PT60M
15,0.13,-115,115,919,779,836,43.8,11.4,438,2,439,424,14.9,0,78.1,683.1,0,0,0,0,122,123,3.6,2.5,44,2024-02-15T15:00:00Z,PT60M
17,0.13,-126,121,966,950,1004,39,11.7,546,39,580,565,14.9,0,70.6,682.9,0,0,0,0,123,124,4.3,3,31,2024-02-15T16:00:00Z,PT60M
19,0.13,-151,120,993,1049,1100,38.3,11.7,565,87,646,635,14.8,0,63,682.3,0,0,0,0,124,125,4.5,3.1,21,2024-02-15T17:00:00Z,PT60M
20,0.13,166,120,996,1064,1114,48,11.5,514,42,554,540,14.8,0,57.3,681.8,0,0,0,0,127,131,3.8,2.6,19,2024-02-15T18:00:00Z,PT60M
21,0.13,133,122,977,995,1047,59.5,11.3,403,0,403,388,14.9,0,54.9,681.2,0,0,0,0,129,133,3.2,2.3,27,2024-02-15T19:00:00Z,PT60M
21,0.13,118,118,940,850,905,53.2,11.2,395,3,397,384,14.7,0,53.2,680.7,0,0,0,0,130,137,2.6,1.7,39,2024-02-15T20:00:00Z,PT60M
21,0.13,110,109,869,639,698,30,11.3,269,294,453,468,14.5,0,54.9,680.5,0,0,0,0,131,138,1.7,1.1,52,2024-02-15T21:00:00Z,PT60M
20,0.13,106,92,724,382,440,26.9,11.4,215,166,272,281,14.2,0,59.5,680.7,0,0,0,0,143,148,1.3,0.7,67,2024-02-15T22:00:00Z,PT60M
19,0.13,104,51,359,119,153,17.7,12.2,65,157,101,115,13.8,0,66.6,680.9,0,0,0,0,161,175,1.1,0.5,81,2024-02-15T23:00:00Z,PT60M
17,0.13,103,1,1,1,1,7.1,13.2,1,0,1,1,13.7,0,76.9,681.1,0,0,0,0,152,145,1.1,0.7,96,2024-02-16T00:00:00Z,PT60M
16,0.13,102,0,0,0,0,7.1,13,0,0,0,0,13.8,0,83.4,681.7,0,0,0,0,135,120,1.6,1,110,2024-02-16T01:00:00Z,PT60M
15,0.13,103,0,0,0,0,12.4,12.5,0,0,0,0,13.9,0,87.8,682.2,0,0,0,0,125,112,1.9,1.1,125,2024-02-16T02:00:00Z,PT60M
14,0.13,105,0,0,0,0,15.4,12.2,0,0,0,0,14,0,91.9,682.5,0,0,0,0,120,110,2.4,1.3,139,2024-02-16T03:00:00Z,PT60M
13,0.13,111,0,0,0,0,12,12,0,0,0,0,14,0,93,682.6,0,0,0,0,120,111,2.7,1.6,154,2024-02-16T04:00:00Z,PT60M
13,0.13,133,0,0,0,0,20.8,11.8,0,0,0,0,13.9,0,92.4,682.5,0,0,0,0,121,112,2.8,1.6,167,2024-02-16T05:00:00Z,PT60M
13,0.13,-155,0,0,0,0,27.5,11.5,0,0,0,0,13.9,0,91.8,682,0,0,0,0,121,112,2.8,1.6,170,2024-02-16T06:00:00Z,PT60M
13,0.13,-115,0,0,0,0,16.6,11.4,0,0,0,0,13.8,0,92.4,681.4,0,0,0,0,117,111,2.8,1.6,159,2024-02-16T07:00:00Z,PT60M
12,0.13,-106,0,0,0,0,11.7,11.3,0,0,0,0,13.6,0,93.3,680.8,0,0,0,0,114,110,2.8,1.6,145,2024-02-16T08:00:00Z,PT60M
12,0.13,-103,0,0,0,0,42.9,11.2,0,0,0,0,13.4,0,93,680.6,0,0,0,0,113,112,2.9,1.6,130,2024-02-16T09:00:00Z,PT60M
13,0.13,-102,0,0,0,0,36.8,11.4,0,0,0,0,13.5,0,91.8,680.7,0,0,0,0,116,114,2.7,1.5,116,2024-02-16T10:00:00Z,PT60M
13,0.13,-102,0,0,0,0,26.8,11.6,0,0,0,0,13.8,0,91.5,680.9,0,0,0,0,120,117,2.6,1.3,101,2024-02-16T11:00:00Z,PT60M
13,0.13,-103,27,153,48,62,49.3,11.5,25,0,25,24,13.8,0,91.5,681.2,0,0,0,0,119,117,2.6,1.5,86,2024-02-16T12:00:00Z,PT60M
13,0.13,-105,83,620,282,334,46.7,11.2,154,3,155,150,13.7,0,90.3,681.7,0,0,0,0,118,118,2.7,1.7,72,2024-02-16T13:00:00Z,PT60M
14,0.13,-108,105,829,551,609,45.3,11.5,288,30,305,298,13.7,0,86,682.1,0,0,0,0,122,122,2.6,1.8,58,2024-02-16T14:00:00Z,PT60M
15,0.13,-114,115,921,781,837,47.5,11.7,409,1,410,396,14.4,0,78.6,682.3,0,0,0,0,131,133,2.4,1.6,44,2024-02-16T15:00:00Z,PT60M
16,0.13,-125,116,973,952,1004,55.2,11.4,423,0,423,408,15.3,0,73,682.2,0,0,0,0,139,142,2.3,1.5,31,2024-02-16T16:00:00Z,PT60M
17,0.13,-151,115,997,1049,1097,54.4,11.4,478,0,478,461,15.9,0,69.4,681.9,0,0,0,0,139,140,2.3,1.5,20,2024-02-16T17:00:00Z,PT60M
18,0.13,165,108,1009,1065,1113,37.5,11.5,566,105,665,655,16.3,0,65.8,681.3,0,0,0,0,136,139,2.4,1.7,18,2024-02-16T18:00:00Z,PT60M
19,0.13,132,101,1002,998,1049,19.4,11.3,368,489,802,823,16.4,0.1,61.9,680.6,0,0,0,0,137,141,2.6,1.8,26,2024-02-16T19:00:00Z,PT60M
19,0.13,117,96,971,854,908,10.8,11.2,243,666,761,800,16.4,0,59.1,679.9,0,0,0,0,137,141,2.5,1.7,39,2024-02-16T20:00:00Z,PT60M
19,0.13,110,88,912,644,703,7,11.4,158,722,599,648,16.4,0,60.2,679.6,0,0,0,0,137,139,2.3,1.6,52,2024-02-16T21:00:00Z,PT60M
19,0.13,106,76,780,389,448,5.7,11.6,101,651,371,421,15.8,0,63.2,679.6,0,0,0,0,139,142,1.9,1.2,67,2024-02-16T22:00:00Z,PT60M
18,0.13,104,45,433,125,164,42.2,12.3,61,72,80,85,15,0,68.9,679.8,0,0,0,0,136,140,1.5,0.8,81,2024-02-16T23:00:00Z,PT60M
17,0.13,102,1,1,1,1,39.5,13.2,1,0,1,1,14.9,0,77.6,680.4,0,0,0,0,127,122,1.4,0.8,96,2024-02-17T00:00:00Z,PT60M
16,0.13,102,0,0,0,0,22.1,13.3,0,0,0,0,14.9,0,83.2,680.9,0,0,0,0,120,110,1.8,1.1,110,2024-02-17T01:00:00Z,PT60M
16,0.13,102,0,0,0,0,13.1,13.3,0,0,0,0,14.9,0,86.2,681.3,0,0,0,0,115,107,2.3,1.4,125,2024-02-17T02:00:00Z,PT60M
15,0.13,104,0,0,0,0,11.1,13.3,0,0,0,0,14.9,0,88.1,681.8,0,0,0,0,114,109,2.6,1.5,139,2024-02-17T03:00:00Z,PT60M
15,0.13,110,0,0,0,0,21.7,13.1,0,0,0,0,15,0,89,682.1,0,0,0,0,115,110,2.8,1.6,154,2024-02-17T04:00:00Z,PT60M
15,0.13,132,0,0,0,0,42.9,12.8,0,0,0,0,15.1,0,89,682,0,0,0,0,117,112,2.8,1.6,167,2024-02-17T05:00:00Z,PT60M
14,0.13,-154,0,0,0,0,49.2,12.4,0,0,0,0,14.9,0,88.9,681.5,0,0,0,0,118,116,2.7,1.5,170,2024-02-17T06:00:00Z,PT60M
14,0.13,-114,0,0,0,0,47.4,12.1,0,0,0,0,14.6,0,88.9,680.9,0,0,0,0,121,118,2.6,1.5,159,2024-02-17T07:00:00Z,PT60M
14,0.13,-105,0,0,0,0,46.7,11.9,0,0,0,0,14.3,0,88.6,680.5,0,0,0,0,120,116,2.6,1.5,145,2024-02-17T08:00:00Z,PT60M
14,0.13,-103,0,0,0,0,43.6,11.9,0,0,0,0,14.1,0,88,680.2,0,0,0,0,117,115,2.6,1.5,130,2024-02-17T09:00:00Z,PT60M
14,0.13,-102,0,0,0,0,46.6,12,0,0,0,0,14.1,0,88,680.2,0,0,0,0,123,121,2.6,1.5,116,2024-02-17T10:00:00Z,PT60M
14,0.13,-102,0,0,0,0,50,12.3,0,0,0,0,14.3,0,88.3,680.4,0,0,0,0,125,118,2.6,1.4,101,2024-02-17T11:00:00Z,PT60M
14,0.13,-103,24,203,51,70,69.6,12.2,18,0,18,17,14.6,0,88,681,0,0,0,0,118,111,2.8,1.6,86,2024-02-17T12:00:00Z,PT60M
14,0.13,-105,69,694,291,346,64.3,11.6,100,0,100,96,14.8,0,86.9,681.6,0,0,0,0,115,114,2.7,1.7,72,2024-02-17T13:00:00Z,PT60M
14,0.13,-108,88,871,557,615,59.8,11.5,224,0,224,216,14.8,0,83.8,682.2,0,0,0,0,117,120,2.7,1.9,57,2024-02-17T14:00:00Z,PT60M
16,0.13,-114,97,954,788,842,51.4,11.8,385,0,385,372,14.7,0,76.7,682.4,0,0,0,0,120,121,3.1,2.2,43,2024-02-17T15:00:00Z,PT60M
18,0.13,-125,98,1003,962,1012,44,11.9,516,27,540,525,14.3,0,69.5,682.3,0,0,0,0,120,120,3.3,2.4,30,2024-02-17T16:00:00Z,PT60M
19,0.13,-150,98,1026,1061,1108,24.6,11.8,445,377,802,812,13.7,0.1,65,681.8,0,0,0,0,120,121,3.4,2.4,20,2024-02-17T17:00:00Z,PT60M
20,0.13,165,96,1034,1079,1125,7.1,11.7,223,820,1002,1041,13.2,0.1,60.7,681.2,0,0,0,0,122,124,3.6,2.5,18,2024-02-17T18:00:00Z,PT60M
20,0.13,132,92,1026,1012,1061,6.7,11.6,204,826,945,986,13,0.1,57.6,680.5,0,0,0,0,126,130,3.2,2.3,26,2024-02-17T19:00:00Z,PT60M
21,0.13,117,88,997,867,920,10.8,11.6,238,685,773,811,12.9,0,56,679.9,0,0,0,0,129,134,2.6,1.7,39,2024-02-17T20:00:00Z,PT60M
21,0.13,110,82,936,655,712,11.5,11.8,192,629,581,621,12.9,0,55.8,679.5,0,0,0,0,130,137,2,1.2,52,2024-02-17T21:00:00Z,PT60M
20,0.13,106,70,817,398,458,8.9,11.7,120,598,364,410,11.9,0,57.9,679.4,0,0,0,0,148,150,1.5,0.9,67,2024-02-17T22:00:00Z,PT60M
19,0.13,103,42,481,130,173,32.1,12.1,49,232,103,123,10.9,0,63.5,679.6,0,0,0,0,147,148,1.4,0.7,81,2024-02-17T23:00:00Z,PT60M
18,0.13,102,1,2,1,1,51.8,12.8,0,0,0,0,11.3,0,71,680.2,0,0,0,0,117,115,1.5,0.8,96,2024-02-18T00:00:00Z,PT60M
17,0.13,101,0,0,0,0,50.6,12.9,0,0,0,0,11.8,0,78.1,681,0,0,0,0,109,107,2,1.2,110,2024-02-18T01:00:00Z,PT60M
16,0.13,102,0,0,0,0,29.7,12.8,0,0,0,0,11.9,0,83.7,681.6,0,0,0,0,111,108,2.6,1.5,125,2024-02-18T02:00:00Z,PT60M
15,0.13,104,0,0,0,0,22.6,12.4,0,0,0,0,12,0,86.9,681.9,0,0,0,0,115,110,2.6,1.5,140,2024-02-18T03:00:00Z,PT60M
14,0.13,109,0,0,0,0,19.5,12,0,0,0,0,12.2,0,88.6,682.1,0,0,0,0,115,110,2.5,1.5,154,2024-02-18T04:00:00Z,PT60M
14,0.13,131,0,0,0,0,14.2,11.7,0,0,0,0,12.3,0,88.9,682,0,0,0,0,114,110,2.4,1.5,167,2024-02-18T05:00:00Z,PT60M
13,0.13,-153,0,0,0,0,18.7,11.2,0,0,0,0,12.3,0,88.5,681.8,0,0,0,0,114,108,2.2,1.5,170,2024-02-18T06:00:00Z,PT60M
13,0.13,-113,0,0,0,0,9,10.9,0,0,0,0,12.1,0,88.8,681.5,0,0,0,0,114,107,2.2,1.5,159,2024-02-18T07:00:00Z,PT60M
12,0.13,-105,0,0,0,0,15.9,10.6,0,0,0,0,11.6,0,89.7,681,0,0,0,0,114,110,2.4,1.6,145,2024-02-18T08:00:00Z,PT60M
12,0.13,-102,0,0,0,0,16.3,10.4,0,0,0,0,11,0,89.6,680.7,0,0,0,0,116,111,2.5,1.7,130,2024-02-18T09:00:00Z,PT60M
12,0.13,-101,0,0,0,0,20.5,10.3,0,0,0,0,10.6,0,89.3,680.8,0,0,0,0,116,109,2.7,1.9,116,2024-02-18T10:00:00Z,PT60M
12,0.13,-102,0,0,0,0,22.3,10,0,0,0,0,10.4,0,89.3,681.2,0,0,0,0,112,106,2.9,2,101,2024-02-18T11:00:00Z,PT60M
11,0.13,-102,25,199,52,70,35.3,9.6,34,6,35,35,10.2,0,89,681.8,0,0,0,0,111,108,3,2,86,2024-02-18T12:00:00Z,PT60M
11,0.13,-104,75,689,295,349,4.6,9.6,86,598,286,333,9.9,0,89.3,682.3,0,0,0,0,113,111,2.8,1.8,72,2024-02-18T13:00:00Z,PT60M
13,0.13,-108,97,868,566,622,0,10.5,97,868,566,622,9.6,0,84.6,682.8,0,0,0,0,116,115,2.2,1.4,57,2024-02-18T14:00:00Z,PT60M
16,0.13,-113,110,950,800,852,5.5,11.3,182,792,755,799,9.6,0,74.7,683,0,0,0,0,125,125,1.8,1.2,43,2024-02-18T15:00:00Z,PT60M
18,0.13,-124,119,988,971,1019,7.6,11.4,233,767,899,935,10,0,65.4,682.9,0,0,0,0,127,128,2,1.3,30,2024-02-18T16:00:00Z,PT60M
20,0.13,-150,120,1010,1070,1114,4.6,11.1,201,873,1021,1059,10.1,0,57.1,682.4,0,0,0,0,126,128,2,1.3,20,2024-02-18T17:00:00Z,PT60M
21,0.13,165,119,1017,1087,1131,10.2,10.9,287,723,977,1007,9.9,0,51.8,681.8,0,0,0,0,124,126,1.5,0.9,18,2024-02-18T18:00:00Z,PT60M
22,0.13,131,116,1005,1019,1065,22,10.8,432,403,796,809,9.7,0,49.3,681.1,0,0,0,0,118,120,1.4,0.8,26,2024-02-18T19:00:00Z,PT60M
22,0.13,116,110,974,873,923,23.1,10.9,392,358,671,685,9.4,0,48.4,680.4,0,0,0,0,113,115,1.3,0.7,38,2024-02-18T20:00:00Z,PT60M
22,0.13,109,102,907,658,713,3.2,11.2,139,817,635,685,9.3,0,49.4,680,0,0,0,0,106,103,0.9,0.4,52,2024-02-18T21:00:00Z,PT60M
21,0.13,105,86,774,397,453,2.3,11.5,96,720,390,442,9,0,53.5,680,0,0,0,0,58,33,0.5,0.2,66,2024-02-18T22:00:00Z,PT60M
20,0.13,103,48,419,127,163,35.3,12.6,62,89,84,90,8.9,0,62.5,680.3,0,0,0,0,19,27,0.5,0.4,81,2024-02-18T23:00:00Z,PT60M
19,0.13,102,1,1,1,1,12.5,13.6,1,0,1,1,8.9,0,72.5,680.7,0,0,0,0,38,69,0.6,0.6,96,2024-02-19T00:00:00Z,PT60M
17,0.13,101,0,0,0,0,0,13.3,0,0,0,0,8.8,0.1,79.1,681.3,0,0,0,0,61,90,1.1,0.9,110,2024-02-19T01:00:00Z,PT60M
15,0.13,101,0,0,0,0,5.6,12.6,0,0,0,0,8.8,0.1,84.5,682,0,0,0,0,75,101,1.4,1,125,2024-02-19T02:00:00Z,PT60M
14,0.13,103,0,0,0,0,19.2,12.4,0,0,0,0,9.1,0.1,90.7,682.6,0,0,0,0,80,101,1.4,1,140,2024-02-19T03:00:00Z,PT60M
13,0.13,108,0,0,0,0,3.8,12.2,0,0,0,0,9.4,0.1,94.6,682.7,0,0,0,0,78,99,1.2,1,154,2024-02-19T04:00:00Z,PT60M
12,0.13,130,0,0,0,0,11.5,11.8,0,0,0,0,9.8,0.2,96.1,682.6,0,0,0,0,69,93,1,1,167,2024-02-19T05:00:00Z,PT60M
12,0.13,-152,0,0,0,0,22.8,11.3,0,0,0,0,10.2,0.4,96.4,682.3,0,0,0,0,62,94,0.7,0.8,171,2024-02-19T06:00:00Z,PT60M
12,0.13,-112,0,0,0,0,12.4,11.1,0,0,0,0,10.4,0.2,96.1,682,0,0,0,0,27,98,0.4,0.7,159,2024-02-19T07:00:00Z,PT60M
12,0.13,-104,0,0,0,0,7.4,11.1,0,0,0,0,10.5,0.2,97.1,681.7,0,0,0,0,32,97,0.5,0.9,145,2024-02-19T08:00:00Z,PT60M
11,0.13,-102,0,0,0,0,5.7,11.1,0,0,0,0,10.6,0.3,98,681.5,0,0,0,0,69,96,0.7,1,130,2024-02-19T09:00:00Z,PT60M
11,0.13,-101,0,0,0,0,0,10.9,0,0,0,0,11,0.4,98.4,681.5,0,0,0,0,42,100,0.3,0.9,116,2024-02-19T10:00:00Z,PT60M
11,0.13,-101,0,0,0,0,4.5,10.6,0,0,0,0,11,0.2,98.7,681.9,0,0,0,0,44,103,0.3,0.9,101,2024-02-19T11:00:00Z,PT60M
10,0.13,-102,27,169,50,65,5.6,10.2,31,96,46,54,10.6,0,99,682.5,0,0,0,0,86,101,0.9,1.1,86,2024-02-19T12:00:00Z,PT60M
11,0.13,-104,83,641,290,339,0,10.3,83,641,290,339,9.9,0,96.1,682.9,0,0,0,0,95,99,1.2,1,72,2024-02-19T13:00:00Z,PT60M
14,0.13,-107,107,845,565,617,0,10.6,107,845,565,617,9.2,0,83.1,683.3,0,0,0,0,92,84,1,0.6,57,2024-02-19T14:00:00Z,PT60M
17,0.13,-113,121,932,800,849,0.6,10.8,130,914,795,843,8.9,0,68.9,683.7,0,0,0,0,52,33,0.5,0.4,43,2024-02-19T15:00:00Z,PT60M
18,0.13,-124,136,967,972,1016,0,10.6,136,967,972,1016,9,0,61.4,683.5,0,0,0,0,17,353,0.5,0.4,30,2024-02-19T16:00:00Z,PT60M
19,0.13,-149,147,978,1068,1108,1.8,10.2,178,924,1048,1087,9.4,0,56.2,683,0,0,0,0,5,346,0.6,0.4,20,2024-02-19T17:00:00Z,PT60M
21,0.13,165,151,974,1080,1120,0,11,151,974,1080,1120,9.8,0.1,53.9,682.4,0,0,0,0,340,332,0.7,0.5,17,2024-02-19T18:00:00Z,PT60M
21,0.13,130,152,951,1008,1049,0,12.1,152,951,1008,1049,10.4,0.2,55.9,681.7,0,0,0,0,314,310,1,0.8,26,2024-02-19T19:00:00Z,PT60M
21,0.13,116,149,901,856,900,3.8,12.7,200,794,823,863,11.1,0.2,60.4,681.2,0,0,0,0,306,302,1.2,0.9,38,2024-02-19T20:00:00Z,PT60M
20,0.13,109,138,814,638,686,5.9,13.2,191,662,603,642,11.6,0.2,63.7,680.9,0,0,0,0,313,306,1.1,0.9,52,2024-02-19T21:00:00Z,PT60M
20,0.13,105,114,642,374,420,5.8,13.7,139,520,356,393,11.7,0.1,68.1,680.9,0,0,0,0,313,308,1.2,0.9,66,2024-02-19T22:00:00Z,PT60M
19,0.13,103,58,284,113,137,33.8,14.3,58,149,92,104,11.6,0.1,74.9,681.2,0,0,0,0,313,300,1.3,0.8,81,2024-02-19T23:00:00Z,PT60M
18,0.13,101,1,0,1,1,63,14.6,0,0,0,0,11.6,0.2,82.1,681.7,0,0,0,0,301,290,1.3,0.7,96,2024-02-20T00:00:00Z,PT60M
16,0.13,101,0,0,0,0,71.7,14.3,0,0,0,0,11.6,0.4,89.1,682,0,0,0,0,289,298,1.4,0.7,110,2024-02-20T01:00:00Z,PT60M
15,0.13,101,0,0,0,0,17.2,13.9,0,0,0,0,11.6,0.9,94.4,682.5,0,0,0,0,307,326,1.3,0.6,125,2024-02-20T02:00:00Z,PT60M
14,0.13,103,0,0,0,0,3.5,13.7,0,0,0,0,11.7,1.4,97.8,682.9,0,0,0,0,340,26,1,0.5,140,2024-02-20T03:00:00Z,PT60M
14,0.13,107,0,0,0,0,4.5,13.4,0,0,0,0,11.8,1.4,98.4,683.1,0,0,0,0,13,55,0.9,0.6,154,2024-02-20T04:00:00Z,PT60M
14,0.13,128,0,0,0,0,14,13.4,0,0,0,0,11.8,1.3,98.4,683,0,0,0,0,27,51,0.9,0.6,168,2024-02-20T05:00:00Z,PT60M
13,0.13,-151,0,0,0,0,23.5,13.2,0,0,0,0,11.7,0.8,98.7,682.6,0,0,0,0,18,45,0.8,0.6,171,2024-02-20T06:00:00Z,PT60M
13,0.13,-111,0,0,0,0,32.2,12.8,0,0,0,0,11.4,0.3,98.7,682.3,0,0,0,0,357,18,0.8,0.5,159,2024-02-20T07:00:00Z,PT60M
13,0.13,-104,0,0,0,0,24.6,12.8,0,0,0,0,10.9,0.2,99,681.9,0,0,0,0,354,10,1,0.6,145,2024-02-20T08:00:00Z,PT60M
13,0.13,-101,0,0,0,0,24.2,12.5,0,0,0,0,10.2,0.1,99.3,681.6,0,0,0,0,13,29,1.1,0.6,130,2024-02-20T09:00:00Z,PT60M
12,0.13,-101,0,0,0,0,18.7,12,0,0,0,0,9.6,0,99.3,681.6,0,0,0,0,351,16,1.1,0.5,116,2024-02-20T10:00:00Z,PT60M
12,0.13,-101,0,0,0,0,12.6,11.6,0,0,0,0,8.9,0,99.3,681.9,0,0,0,0,338,27,1.1,0.4,101,2024-02-20T11:00:00Z,PT60M
12,0.13,-102,31,103,45,54,17,11.6,30,98,44,52,8.2,0,99.3,682.4,0,0,0,0,20,67,0.9,0.7,86,2024-02-20T12:00:00Z,PT60M
12,0.13,-104,112,480,269,305,0,11.6,112,480,269,305,7.7,0,97.4,682.8,0,0,0,0,34,50,0.8,0.5,72,2024-02-20T13:00:00Z,PT60M
14,0.13,-107,154,720,546,590,0,11.9,154,720,546,590,7.5,0,88.4,683.1,0,0,0,0,1,347,0.8,0.6,57,2024-02-20T14:00:00Z,PT60M
17,0.13,-112,169,847,788,831,0.7,12.2,177,829,783,825,7.7,0,75.8,683.2,0,0,0,0,328,322,1.1,1,43,2024-02-20T15:00:00Z,PT60M
18,0.13,-123,177,907,964,1003,0,12,177,907,964,1003,8.2,0,66.3,683.1,0,0,0,0,315,312,1.6,1.3,30,2024-02-20T16:00:00Z,PT60M
20,0.13,-149,179,935,1061,1098,2.6,12,223,859,1033,1067,8.9,0,59.5,682.6,0,0,0,0,310,307,2.2,1.8,19,2024-02-20T17:00:00Z,PT60M
21,0.13,164,178,938,1074,1110,0,12.2,178,938,1074,1110,9.8,0.1,57.3,682,0,0,0,0,309,308,2.5,1.9,17,2024-02-20T18:00:00Z,PT60M
21,0.13,130,177,912,1000,1037,0,12.5,177,912,1000,1037,10.8,0.2,58.3,681.2,0,0,0,0,309,308,2.5,1.9,25,2024-02-20T19:00:00Z,PT60M
21,0.13,115,171,858,845,886,2.5,12.7,203,790,825,862,12.1,0.2,59.1,680.6,0,0,0,0,303,300,2.5,1.9,38,2024-02-20T20:00:00Z,PT60M
21,0.13,108,157,760,626,668,0,13.1,157,760,626,668,13.3,0.3,61.8,680.3,0,0,0,0,298,294,2.5,1.8,52,2024-02-20T21:00:00Z,PT60M
20,0.13,104,124,594,365,405,0.6,13.4,126,580,363,402,13.8,0.2,68.1,680.3,0,0,0,0,291,290,2.1,1.4,66,2024-02-20T22:00:00Z,PT60M
18,0.13,102,59,269,111,133,27.7,13.7,69,60,85,88,13.7,0.1,75.3,680.6,0,0,0,0,275,272,1.6,0.9,81,2024-02-20T23:00:00Z,PT60M
17,0.13,101,1,0,1,1,24.3,13.8,1,0,1,1,13.3,0.1,82.8,680.8,0,0,0,0,270,270,1.4,0.8,96,2024-02-21T00:00:00Z,PT60M
16,0.13,100,0,0,0,0,27.3,13.8,0,0,0,0,12.8,0.1,89.6,681.4,0,0,0,0,282,295,1.6,0.9,110,2024-02-21T01:00:00Z,PT60M
15,0.13,101,0,0,0,0,0,13.6,0,0,0,0,12,0.1,93.4,682,0,0,0,0,294,309,1.8,1,125,2024-02-21T02:00:00Z,PT60M
14,0.13,102,0,0,0,0,0,13.5,0,0,0,0,11.2,0.1,96.5,682.6,0,0,0,0,305,323,1.8,0.8,140,2024-02-21T03:00:00Z,PT60M
14,0.13,107,0,0,0,0,0,13.4,0,0,0,0,10.3,0,97.4,682.7,0,0,0,0,313,336,1.6,0.6,154,2024-02-21T04:00:00Z,PT60M
13,0.13,127,0,0,0,0,0,13,0,0,0,0,9.6,0,98.1,682.5,0,0,0,0,319,343,1.5,0.5,168,2024-02-21T05:00:00Z,PT60M
13,0.13,-150,0,0,0,0,2.5,12.6,0,0,0,0,9,0,99.3,682,0,0,0,0,315,347,1.5,0.5,171,2024-02-21T06:00:00Z,PT60M
12,0.13,-110,0,0,0,0,5.7,12,0,0,0,0,8.8,0,100,681.4,0,0,0,0,308,344,1.4,0.4,159,2024-02-21T07:00:00Z,PT60M
12,0.13,-103,0,0,0,0,22.1,11.6,0,0,0,0,8.4,0,100,681.1,0,0,0,0,318,4,1,0.2,145,2024-02-21T08:00:00Z,PT60M
11,0.13,-101,0,0,0,0,23.9,11.3,0,0,0,0,7.9,0,100,680.8,0,0,0,0,349,45,0.8,0.2,130,2024-02-21T09:00:00Z,PT60M
11,0.13,-100,0,0,0,0,27.6,10.9,0,0,0,0,7.7,0,100,681,0,0,0,0,341,53,0.8,0.3,116,2024-02-21T10:00:00Z,PT60M
11,0.13,-100,0,0,0,0,28,10.6,0,0,0,0,7.7,0,100,681.4,0,0,0,0,327,79,0.6,0.3,101,2024-02-21T11:00:00Z,PT60M
11,0.13,-101,29,152,50,63,34.4,10.8,33,0,33,31,7.8,0,100,681.9,0,0,0,0,325,98,0.4,0.4,86,2024-02-21T12:00:00Z,PT60M
11,0.13,-103,92,606,289,332,28.5,11,175,87,210,211,8.2,0,98.7,682.4,0,0,0,0,325,55,0.4,0.2,72,2024-02-21T13:00:00Z,PT60M
13,0.13,-106,119,816,564,611,0.5,11.2,125,801,560,607,8.6,0,88.7,682.8,0,0,0,0,331,331,0.9,0.7,57,2024-02-21T14:00:00Z,PT60M
16,0.13,-112,135,908,798,841,7.6,11.4,232,694,736,769,9.1,0,74.3,682.8,0,0,0,0,320,316,2,1.6,43,2024-02-21T15:00:00Z,PT60M
18,0.13,-123,142,955,971,1009,8.9,11.3,277,700,884,912,9.7,0,63.9,682.6,0,0,0,0,321,317,3.2,2.4,30,2024-02-21T16:00:00Z,PT60M
20,0.13,-148,142,981,1069,1104,16.4,11.1,401,522,893,908,10.2,0,58,682.1,0,0,0,0,321,319,3.9,2.9,19,2024-02-21T17:00:00Z,PT60M
20,0.13,164,138,988,1084,1118,20.8,11.1,456,420,858,866,10.8,0,56,681.4,0,0,0,0,317,316,4.2,3.1,17,2024-02-21T18:00:00Z,PT60M
20,0.13,129,131,978,1014,1051,14.8,11.3,357,561,864,883,11.3,0.2,56.4,680.7,0,0,0,0,315,313,4.3,3.2,25,2024-02-21T19:00:00Z,PT60M
20,0.13,115,124,942,865,906,16.6,11.4,334,491,722,741,11.6,0.1,57.3,680.1,0,0,0,0,315,314,4.4,3.3,38,2024-02-21T20:00:00Z,PT60M
20,0.13,108,117,862,649,694,5.1,11.5,173,725,611,649,11.8,0.2,57.9,679.7,0,0,0,0,312,311,4.4,3.2,52,2024-02-21T21:00:00Z,PT60M
19,0.13,104,99,709,386,432,0.3,11.8,100,702,385,431,11.7,0.2,62.7,679.9,0,0,0,0,307,307,4.1,2.9,66,2024-02-21T22:00:00Z,PT60M
17,0.13,102,53,361,122,150,4.9,12.1,55,328,119,145,11.3,0.1,71.1,680.2,0,0,0,0,303,304,3.8,2.3,81,2024-02-21T23:00:00Z,PT60M
16,0.13,101,1,1,1,1,31.8,12.6,1,0,1,1,11.1,0.1,79.8,680.6,0,0,0,0,300,300,3.4,1.6,96,2024-02-22T00:00:00Z,PT60M
15,0.13,100,0,0,0,0,29.6,13,0,0,0,0,11.1,0.1,87.9,681,0,0,0,0,301,297,3,1.3,110,2024-02-22T01:00:00Z,PT60M
14,0.13,100,0,0,0,0,18.8,13,0,0,0,0,11.3,0.2,91.9,681.4,0,0,0,0,303,301,2.6,1.3,125,2024-02-22T02:00:00Z,PT60M
14,0.13,101,0,0,0,0,16.7,12.8,0,0,0,0,11.3,0.2,94.3,681.8,0,0,0,0,310,314,2.1,1,140,2024-02-22T03:00:00Z,PT60M
14,0.13,106,0,0,0,0,22.8,12.8,0,0,0,0,10.9,0.2,95.5,681.8,0,0,0,0,321,324,1.5,0.7,154,2024-02-22T04:00:00Z,PT60M
13,0.13,126,0,0,0,0,30.9,12.4,0,0,0,0,10.8,0.1,96.8,681.6,0,0,0,0,325,327,1,0.4,168,2024-02-22T05:00:00Z,PT60M
12,0.13,-149,0,0,0,0,24.8,12.1,0,0,0,0,10.8,0.1,98,681.2,0,0,0,0,332,3,0.7,0.2,171,2024-02-22T06:00:00Z,PT60M
13,0.13,-109,0,0,0,0,27.9,12.1,0,0,0,0,10.8,0,97.7,680.7,0,0,0,0,344,20,0.7,0.2,159,2024-02-22T07:00:00Z,PT60M
12,0.13,-102,0,0,0,0,35.9,11.9,0,0,0,0,10.9,0,97.4,680.3,0,0,0,0,347,0,0.9,0.2,145,2024-02-22T08:00:00Z,PT60M
12,0.13,-100,0,0,0,0,42.2,11.6,0,0,0,0,10.8,0,97.4,680.1,0,0,0,0,352,14,0.7,0.2,130,2024-02-22T09:00:00Z,PT60M
12,0.13,-100,0,0,0,0,36.5,11.4,0,0,0,0,11.4,0,97.7,680,0,0,0,0,21,74,0.4,0.3,116,2024-02-22T10:00:00Z,PT60M
12,0.13,-100,0,0,0,0,15.2,11.3,0,0,0,0,12.1,0,97.4,680.3,0,0,0,0,40,97,0.4,0.4,101,2024-02-22T11:00:00Z,PT60M
12,0.13,-101,25,217,55,72,18.4,11,36,43,43,45,12.4,0,96.1,680.8,0,0,0,0,23,75,0.4,0.3,86,2024-02-22T12:00:00Z,PT60M
12,0.13,-103,68,716,300,348,21.6,10.7,134,291,244,261,12.6,0,93,681.3,0,0,0,0,7,17,0.5,0.2,71,2024-02-22T13:00:00Z,PT60M
13,0.13,-106,89,878,568,615,8,11,153,674,524,560,12.7,0,85.2,681.7,0,0,0,0,339,338,0.8,0.6,57,2024-02-22T14:00:00Z,PT60M
16,0.13,-111,105,948,799,841,23.5,11.4,362,343,610,620,12.7,0,76.1,681.7,0,0,0,0,324,323,1.6,1.3,43,2024-02-22T15:00:00Z,PT60M
17,0.13,-122,116,982,970,1006,21.1,11.4,407,413,765,775,12.7,0.1,69.2,681.5,0,0,0,0,317,315,2.5,1.9,29,2024-02-22T16:00:00Z,PT60M
18,0.13,-148,122,998,1066,1099,25.3,11.3,488,326,797,799,13.1,0.2,65.3,680.8,0,0,0,0,312,312,3.1,2.3,19,2024-02-22T17:00:00Z,PT60M
18,0.13,163,124,996,1079,1111,21.1,11.5,449,420,852,859,13.6,0.4,64.6,680.3,0,0,0,0,311,311,3.4,2.5,16,2024-02-22T18:00:00Z,PT60M
18,0.13,128,130,968,1006,1040,27.1,12,485,273,735,735,14.2,0.2,67.4,679.8,0,0,0,0,306,306,3.3,2.4,25,2024-02-22T19:00:00Z,PT60M
18,0.13,114,134,915,855,892,25,12.8,419,282,640,644,14.7,0.4,72.5,679.4,0,0,0,0,302,300,3.1,2.3,38,2024-02-22T20:00:00Z,PT60M
18,0.13,107,127,828,639,680,13.5,13.4,253,487,552,575,14.8,0.8,76.6,679.1,0,0,0,0,301,301,3,2.2,52,2024-02-22T21:00:00Z,PT60M
16,0.13,104,102,686,381,423,17.4,13.2,186,313,315,333,14.4,0.7,84.1,679.3,0,0,0,0,300,301,2.7,1.9,66,2024-02-22T22:00:00Z,PT60M
14,0.13,101,53,345,120,146,43.6,12.8,61,43,73,74,13.8,0.4,90.4,679.8,0,0,0,0,300,296,2.1,1.5,81,2024-02-22T23:00:00Z,PT60M
14,0.13,100,1,1,1,1,42.8,12.8,0,0,0,0,13.3,0.1,91,680,0,0,0,0,298,295,1.8,0.9,96,2024-02-23T00:00:00Z,PT60M
14,0.13,100,0,0,0,0,36,12.8,0,0,0,0,12.8,0.1,92.2,680.3,0,0,0,0,297,303,1.6,0.7,110,2024-02-23T01:00:00Z,PT60M
13,0.13,100,0,0,0,0,25.2,12.6,0,0,0,0,12.3,0.1,94.6,680.6,0,0,0,0,301,311,1.3,0.5,125,2024-02-23T02:00:00Z,PT60M
13,0.13,101,0,0,0,0,1.1,12.4,0,0,0,0,11.7,0.1,96.1,680.9,0,0,0,0,308,322,0.8,0.3,140,2024-02-23T03:00:00Z,PT60M
13,0.13,105,0,0,0,0,3.7,12.2,0,0,0,0,11.4,0.1,96.1,681,0,0,0,0,311,316,0.5,0.3,154,2024-02-23T04:00:00Z,PT60M
13,0.13,124,0,0,0,0,19.2,12.2,0,0,0,0,11,0,96.8,680.8,0,0,0,0,311,314,0.6,0.4,168,2024-02-23T05:00:00Z,PT60M
12,0.13,-147,0,0,0,0,17,12,0,0,0,0,10.6,0,97.7,680.4,0,0,0,0,323,334,0.8,0.5,172,2024-02-23T06:00:00Z,PT60M
12,0.13,-108,0,0,0,0,50,11.6,0,0,0,0,10.4,0.1,98.4,680,0,0,0,0,335,344,0.7,0.4,159,2024-02-23T07:00:00Z,PT60M
12,0.13,-102,0,0,0,0,50.6,11.6,0,0,0,0,10.1,0,98.7,679.7,0,0,0,0,355,0,0.6,0.3,145,2024-02-23T08:00:00Z,PT60M
12,0.13,-100,0,0,0,0,48.3,11.6,0,0,0,0,9.8,0,98.7,679.4,0,0,0,0,41,50,0.6,0.3,130,2024-02-23T09:00:00Z,PT60M
12,0.13,-99,0,0,0,0,19.3,11.5,0,0,0,0,9.8,0,99,679.5,0,0,0,0,196,17,0.3,0.2,116,2024-02-23T10:00:00Z,PT60M
12,0.13,-100,0,0,0,0,7.5,11.4,0,0,0,0,9.8,0,99.3,679.9,0,0,0,0,222,354,0.4,0.2,101,2024-02-23T11:00:00Z,PT60M
11,0.13,-101,27,203,55,70,30.5,11.1,34,74,46,51,9.7,0,98,680.3,0,0,0,0,133,88,0.5,0.5,86,2024-02-23T12:00:00Z,PT60M
12,0.13,-103,79,674,299,342,0,10.9,79,674,299,342,9.6,0.1,93.9,680.9,0,0,0,0,129,117,0.6,0.5,71,2024-02-23T13:00:00Z,PT60M
13,0.13,-106,104,853,571,615,0,11.1,104,853,571,615,9.6,0.1,86,681.3,0,0,0,0,187,204,0.3,0.3,57,2024-02-23T14:00:00Z,PT60M
16,0.13,-111,122,930,804,842,0.6,11.4,129,913,799,837,9.8,0.1,75,681.4,0,0,0,0,265,269,0.7,0.6,43,2024-02-23T15:00:00Z,PT60M
18,0.13,-121,140,956,973,1006,3.9,11.4,201,843,935,964,10.2,0.1,65.8,681.2,0,0,0,0,277,279,1.2,1,29,2024-02-23T16:00:00Z,PT60M
19,0.13,-147,149,969,1068,1098,1.6,11.5,176,922,1051,1079,10.8,0.2,60.4,680.7,0,0,0,0,281,280,1.8,1.4,18,2024-02-23T17:00:00Z,PT60M
20,0.13,163,157,959,1078,1107,0,11.6,157,959,1078,1107,11.6,0.2,58.6,680.1,0,0,0,0,278,279,2.1,1.6,16,2024-02-23T18:00:00Z,PT60M
20,0.13,128,169,917,1001,1031,0.9,11.9,183,892,992,1021,12.4,0.2,60.2,679.5,0,0,0,0,271,272,2.2,1.7,25,2024-02-23T19:00:00Z,PT60M
20,0.13,113,174,850,845,878,7.9,12.1,274,639,779,803,13.2,0.3,61.9,679,0,0,0,0,269,267,2.2,1.7,38,2024-02-23T20:00:00Z,PT60M
19,0.13,107,161,751,625,661,9.2,12.7,236,532,571,594,13.8,0.4,66.3,678.8,0,0,0,0,267,264,1.9,1.5,52,2024-02-23T21:00:00Z,PT60M
18,0.13,103,126,580,364,398,33.2,13.2,225,39,241,237,14.2,0.5,73.6,679,0,0,0,0,265,266,1.8,1.4,66,2024-02-23T22:00:00Z,PT60M
17,0.13,101,61,244,109,126,35.1,13.2,64,30,72,72,14.3,1.1,78.6,679.5,0,0,0,0,268,267,1.4,1.1,81,2024-02-23T23:00:00Z,PT60M
16,0.13,100,1,0,1,1,25.7,13.2,1,0,1,1,13.8,0.1,83.2,679.8,0,0,0,0,270,264,0.8,0.5,96,2024-02-24T00:00:00Z,PT60M
15,0.13,99,0,0,0,0,24.3,13.2,0,0,0,0,13.2,0,87.9,680.2,0,0,0,0,287,303,0.4,0.1,110,2024-02-24T01:00:00Z,PT60M
14,0.13,99,0,0,0,0,17.7,12.9,0,0,0,0,12.8,0.1,91.3,680.7,0,0,0,0,330,50,0.2,0.2,125,2024-02-24T02:00:00Z,PT60M
14,0.13,100,0,0,0,0,29.1,12.6,0,0,0,0,12.7,0.2,93.4,681.2,0,0,0,0,0,81,0.1,0.3,140,2024-02-24T03:00:00Z,PT60M
13,0.13,104,0,0,0,0,7.5,12.5,0,0,0,0,12.7,0.4,94.3,681.2,0,0,0,0,319,99,0.1,0.3,155,2024-02-24T04:00:00Z,PT60M
13,0.13,123,0,0,0,0,16.8,12.4,0,0,0,0,12.8,0.5,95.2,681,0,0,0,0,244,106,0.1,0.4,168,2024-02-24T05:00:00Z,PT60M
13,0.13,-146,0,0,0,0,21.6,12,0,0,0,0,12.9,0.6,95.5,680.7,0,0,0,0,109,96,0.4,0.5,172,2024-02-24T06:00:00Z,PT60M
13,0.13,-107,0,0,0,0,28.4,12,0,0,0,0,12.9,0.3,96.5,680.3,0,0,0,0,105,98,0.8,0.7,159,2024-02-24T07:00:00Z,PT60M
12,0.13,-101,0,0,0,0,15.2,11.9,0,0,0,0,12.9,0.3,97.7,680.2,0,0,0,0,110,105,1,0.8,145,2024-02-24T08:00:00Z,PT60M
12,0.13,-99,0,0,0,0,23.2,11.5,0,0,0,0,12.9,0.5,97.7,680,0,0,0,0,110,106,1,0.7,130,2024-02-24T09:00:00Z,PT60M
12,0.13,-99,0,0,0,0,28.2,11.4,0,0,0,0,12.2,0.4,98,680.1,0,0,0,0,150,120,0.6,0.4,115,2024-02-24T10:00:00Z,PT60M
12,0.13,-99,0,0,0,0,41.7,11.4,0,0,0,0,11.5,0.5,98.7,680.5,0,0,0,0,179,133,0.5,0.3,101,2024-02-24T11:00:00Z,PT60M
12,0.13,-100,28,185,54,67,41.1,11.3,30,13,33,33,11.4,0.4,98,680.9,0,0,0,0,122,111,0.9,0.7,86,2024-02-24T12:00:00Z,PT60M
12,0.13,-102,82,652,296,336,9.1,11.3,116,458,272,300,11.3,0.4,97.1,681.4,0,0,0,0,115,118,1.1,0.7,71,2024-02-24T13:00:00Z,PT60M
13,0.13,-105,109,834,567,607,5.4,12.4,156,692,536,570,11.3,0.4,93.7,681.9,0,0,0,0,158,186,0.4,0.3,57,2024-02-24T14:00:00Z,PT60M
16,0.13,-110,127,913,799,834,15.8,13.5,312,494,669,686,11.4,0.6,87.9,682.2,0,0,0,0,254,259,0.6,0.6,43,2024-02-24T15:00:00Z,PT60M
17,0.13,-121,148,939,968,997,24.7,14,465,301,730,731,11.6,0.4,83,682.1,0,0,0,0,259,261,1.1,0.9,29,2024-02-24T16:00:00Z,PT60M
18,0.13,-147,176,929,1058,1084,16.8,14.2,428,476,880,887,11.7,1.2,78.3,681.7,0,0,0,0,263,265,1.4,1.1,18,2024-02-24T17:00:00Z,PT60M
19,0.13,162,194,906,1066,1090,17.1,14.6,450,450,883,889,12.1,0.6,75.4,681.2,0,0,0,0,267,265,1.7,1.2,16,2024-02-24T18:00:00Z,PT60M
20,0.13,127,194,879,992,1018,16.1,15.3,416,457,834,842,12.6,1.1,74.6,680.6,0,0,0,0,260,258,1.8,1.2,25,2024-02-24T19:00:00Z,PT60M
21,0.13,113,192,816,838,867,29.8,15.6,484,133,585,577,13.2,1.4,73.7,680.1,0,0,0,0,262,261,1.7,1.3,38,2024-02-24T20:00:00Z,PT60M
20,0.13,106,174,718,619,651,12.1,15.6,280,429,541,558,13.9,2.8,73.9,679.9,0,0,0,0,266,265,1.6,1.1,52,2024-02-24T21:00:00Z,PT60M
19,0.13,103,134,547,358,389,16.7,14.2,200,232,302,311,13.4,2.9,75.3,680.2,0,0,0,0,257,255,1.3,0.9,66,2024-02-24T22:00:00Z,PT60M
17,0.13,101,63,213,106,120,32.2,13.4,69,25,75,75,12.3,0.9,78.9,680.8,0,0,0,0,250,251,1.2,0.7,81,2024-02-24T23:00:00Z,PT60M
16,0.13,99,1,0,1,1,43.5,13.8,1,0,1,1,11.9,1,84.9,681.1,0,0,0,0,246,275,0.7,0.3,96,2024-02-25T00:00:00Z,PT60M
15,0.13,99,0,0,0,0,40.4,13.8,0,0,0,0,12,1,90.5,681.7,0,0,0,0,276,34,0.2,0.1,110,2024-02-25T01:00:00Z,PT60M
15,0.13,99,0,0,0,0,38.3,13.3,0,0,0,0,12,1,92.2,682.3,0,0,0,0,338,79,0.3,0.3,125,2024-02-25T02:00:00Z,PT60M
14,0.13,100,0,0,0,0,38.8,12.8,0,0,0,0,11.9,0.5,92.5,682.7,0,0,0,0,327,79,0.4,0.3,140,2024-02-25T03:00:00Z,PT60M
14,0.13,103,0,0,0,0,40.1,12.6,0,0,0,0,11.9,0.7,94,682.9,0,0,0,0,306,101,0.4,0.3,155,2024-02-25T04:00:00Z,PT60M
13,0.13,121,0,0,0,0,28,12,0,0,0,0,12.1,0.8,95.8,682.9,0,0,0,0,315,98,0.4,0.4,169,2024-02-25T05:00:00Z,PT60M
12,0.13,-145,0,0,0,0,33.3,11.3,0,0,0,0,12.3,0.9,97.1,682.8,0,0,0,0,353,90,0.4,0.4,172,2024-02-25T06:00:00Z,PT60M
12,0.13,-106,0,0,0,0,23.6,11.1,0,0,0,0,12.3,0.4,97.4,682.3,0,0,0,0,31,90,0.3,0.5,160,2024-02-25T07:00:00Z,PT60M
11,0.13,-100,0,0,0,0,13.7,10.9,0,0,0,0,12.3,0.4,97.7,682.1,0,0,0,0,62,90,0.3,0.6,145,2024-02-25T08:00:00Z,PT60M
11,0.13,-99,0,0,0,0,4.9,10.6,0,0,0,0,12.2,0.2,98.4,681.9,0,0,0,0,84,90,0.5,0.6,130,2024-02-25T09:00:00Z,PT60M
11,0.13,-98,0,0,0,0,35.4,10.7,0,0,0,0,12,0.2,98.7,682,0,0,0,0,180,111,0.3,0.4,115,2024-02-25T10:00:00Z,PT60M
11,0.13,-99,0,0,0,0,27.6,10.7,0,0,0,0,11.6,0.2,98.7,682.2,0,0,0,0,282,128,0.5,0.3,101,2024-02-25T11:00:00Z,PT60M
11,0.13,-100,32,101,47,53,23.2,10.6,33,0,33,32,11.3,0.1,98.4,682.6,0,0,0,0,341,90,0.3,0.3,86,2024-02-25T12:00:00Z,PT60M
11,0.13,-102,119,430,263,288,12,10.7,132,295,242,257,11,0.2,96.4,682.9,0,0,0,0,56,68,0.4,0.3,71,2024-02-25T13:00:00Z,PT60M
13,0.13,-105,175,644,531,561,0,11.2,175,644,531,561,10.9,0.2,90.3,683.3,0,0,0,0,56,33,0.4,0.2,57,2024-02-25T14:00:00Z,PT60M
15,0.13,-110,205,763,768,796,4.9,11.5,263,634,729,751,10.9,0.2,80.2,683.5,0,0,0,0,45,0,0.2,0.2,42,2024-02-25T15:00:00Z,PT60M
16,0.13,-120,223,822,943,966,9.9,11.2,359,563,847,860,11,0.2,73.4,683.3,0,0,0,0,3,319,0.2,0.1,29,2024-02-25T16:00:00Z,PT60M
17,0.13,-146,234,847,1040,1061,12.6,11.2,421,512,908,916,11.3,0.3,70.4,683,0,0,0,0,311,297,0.3,0.3,18,2024-02-25T17:00:00Z,PT60M
17,0.13,162,237,847,1053,1073,7.9,11.6,361,632,970,983,11.5,0.3,69.2,682.4,0,0,0,0,297,293,0.8,0.7,15,2024-02-25T18:00:00Z,PT60M
18,0.13,126,234,822,981,1002,26.2,12.1,496,251,723,718,11.7,0.5,68.9,681.5,0,0,0,0,286,282,1.3,1,24,2024-02-25T19:00:00Z,PT60M
19,0.13,112,220,768,829,853,15.1,12.8,392,394,702,709,12.1,0.8,69.2,680.8,0,0,0,0,274,270,1.6,1.2,38,2024-02-25T20:00:00Z,PT60M
19,0.13,106,195,665,608,636,22.3,13.5,337,215,479,480,12.6,2,71.8,680.4,0,0,0,0,272,270,1.5,1.1,52,2024-02-25T21:00:00Z,PT60M
18,0.13,102,146,495,349,375,46.3,13.2,189,0,189,182,12.6,0.7,74.2,680.7,0,0,0,0,267,266,1.2,0.8,66,2024-02-25T22:00:00Z,PT60M
17,0.13,100,65,194,104,116,65,13,32,0,32,31,12.5,0.6,78.1,681.2,0,0,0,0,227,222,0.8,0.5,81,2024-02-25T23:00:00Z,PT60M
16,0.13,99,1,0,1,1,60.5,13.2,0,0,0,0,12.5,1,84.8,681.7,0,0,0,0,166,155,0.8,0.4,96,2024-02-26T00:00:00Z,PT60M
15,0.13,98,0,0,0,0,61.3,13.2,0,0,0,0,12.3,0.4,89.3,682.1,0,0,0,0,142,105,0.8,0.4,110,2024-02-26T01:00:00Z,PT60M
14,0.13,98,0,0,0,0,76,12.7,0,0,0,0,11.9,1,90.1,682.3,0,0,0,0,106,90,0.5,0.5,125,2024-02-26T02:00:00Z,PT60M
14,0.13,99,0,0,0,0,72.5,12.3,0,0,0,0,11.6,1.4,91.9,682.7,0,0,0,0,59,90,0.5,0.6,140,2024-02-26T03:00:00Z,PT60M
13,0.13,103,0,0,0,0,73.1,11.8,0,0,0,0,11.3,1.7,94.9,682.8,0,0,0,0,59,94,0.6,0.7,155,2024-02-26T04:00:00Z,PT60M
12,0.13,120,0,0,0,0,47.6,11.4,0,0,0,0,11.1,1.9,97.4,682.8,0,0,0,0,78,98,0.7,0.7,169,2024-02-26T05:00:00Z,PT60M
11,0.13,-143,0,0,0,0,35.4,11,0,0,0,0,10.9,2.1,98.4,682.5,0,0,0,0,93,104,0.9,0.8,172,2024-02-26T06:00:00Z,PT60M
11,0.13,-105,0,0,0,0,26.9,10.7,0,0,0,0,10.6,0.1,98.7,682.2,0,0,0,0,107,106,1,0.9,160,2024-02-26T07:00:00Z,PT60M
11,0.13,-100,0,0,0,0,10,10.4,0,0,0,0,10.2,0,98.7,681.8,0,0,0,0,108,104,1.2,1,145,2024-02-26T08:00:00Z,PT60M
10,0.13,-98,0,0,0,0,13.1,10,0,0,0,0,9.8,0,98.7,681.6,0,0,0,0,113,108,1.3,1.1,130,2024-02-26T09:00:00Z,PT60M
10,0.13,-98,0,0,0,0,11.9,9.8,0,0,0,0,10,0,98.3,681.7,0,0,0,0,136,112,1.1,1.1,115,2024-02-26T10:00:00Z,PT60M
10,0.13,-99,0,0,0,0,15.1,9.5,0,0,0,0,10.2,0,98.3,682,0,0,0,0,141,109,1,1.1,101,2024-02-26T11:00:00Z,PT60M
10,0.13,-100,33,102,47,54,31.4,9.4,35,12,37,37,10,0,98,682.3,0,0,0,0,126,106,1.3,1.1,86,2024-02-26T12:00:00Z,PT60M
12,0.13,-101,116,461,271,296,1.2,10.4,118,442,269,293,9.8,0,92.1,682.8,0,0,0,0,117,110,1.4,1,71,2024-02-26T13:00:00Z,PT60M
14,0.13,-104,168,674,541,570,0,11.2,168,674,541,570,9.6,0,80.9,683.1,0,0,0,0,116,120,1.2,0.8,57,2024-02-26T14:00:00Z,PT60M
15,0.13,-109,196,787,779,805,14.6,10.5,349,434,658,668,9.6,0,72.6,683.2,0,0,0,0,125,132,1,0.6,42,2024-02-26T15:00:00Z,PT60M
17,0.13,-119,212,847,954,976,38,9.9,556,39,590,573,9.8,0,65.1,683.1,0,0,0,0,135,148,0.8,0.5,29,2024-02-26T16:00:00Z,PT60M
18,0.13,-146,225,865,1050,1068,19.1,9.6,486,380,850,849,10.2,0,56.4,682.8,0,0,0,0,156,174,0.6,0.3,17,2024-02-26T17:00:00Z,PT60M
20,0.13,161,231,860,1061,1079,35.6,9.5,620,66,684,666,10.5,0,52.3,682.2,0,0,0,0,239,252,0.5,0.5,15,2024-02-26T18:00:00Z,PT60M
20,0.13,125,227,834,987,1006,36.7,10.2,503,134,620,609,11.1,0.1,53.7,681.3,0,0,0,0,274,274,0.8,0.7,24,2024-02-26T19:00:00Z,PT60M
20,0.13,112,216,777,833,855,13,11,370,448,722,731,11.8,0.2,58.1,680.7,0,0,0,0,280,281,0.9,0.8,37,2024-02-26T20:00:00Z,PT60M
19,0.13,105,197,660,608,633,32.6,11.6,306,172,423,422,12.5,0.2,62.8,680.3,0,0,0,0,281,280,1.1,0.9,52,2024-02-26T21:00:00Z,PT60M
18,0.13,102,149,472,344,367,38.1,11.9,191,32,201,197,13,0.2,66.7,680.2,0,0,0,0,277,276,1.3,0.9,66,2024-02-26T22:00:00Z,PT60M
17,0.13,100,65,176,101,111,32.3,12.1,65,29,71,71,13.4,0.2,71.8,680.6,0,0,0,0,282,281,1.2,0.8,81,2024-02-26T23:00:00Z,PT60M
16,0.13,99,1,0,1,1,40.9,12.5,0,0,0,0,14,0.2,79.3,681,0,0,0,0,300,302,1.1,0.7,96,2024-02-27T00:00:00Z,PT60M
15,0.13,98,0,0,0,0,34.8,12.8,0,0,0,0,14.1,0.1,86.2,681.4,0,0,0,0,323,354,0.8,0.4,110,2024-02-27T01:00:00Z,PT60M
14,0.13,98,0,0,0,0,37.9,12.8,0,0,0,0,14.2,0,91,681.8,0,0,0,0,15,83,0.4,0.5,125,2024-02-27T02:00:00Z,PT60M
14,0.13,99,0,0,0,0,39.1,12.9,0,0,0,0,14.1,0,93.7,682.2,0,0,0,0,58,94,0.5,0.8,140,2024-02-27T03:00:00Z,PT60M
13,0.13,102,0,0,0,0,37.1,12.8,0,0,0,0,14.1,0.1,95.9,682.3,0,0,0,0,78,97,0.8,0.8,155,2024-02-27T04:00:00Z,PT60M
13,0.13,118,0,0,0,0,35.3,12.6,0,0,0,0,14.1,0.1,97.4,682.2,0,0,0,0,90,97,1.1,0.8,169,2024-02-27T05:00:00Z,PT60M
13,0.13,-141,0,0,0,0,22.1,12.6,0,0,0,0,14.2,0.3,97.7,681.7,0,0,0,0,98,94,1.1,0.8,173,2024-02-27T06:00:00Z,PT60M
13,0.13,-104,0,0,0,0,31.3,12.6,0,0,0,0,14.1,0.2,98.7,681.2,0,0,0,0,101,94,1,0.8,160,2024-02-27T07:00:00Z,PT60M
13,0.13,-99,0,0,0,0,31.8,12.4,0,0,0,0,13.9,0.2,99.3,680.7,0,0,0,0,105,98,1,0.8,145,2024-02-27T08:00:00Z,PT60M
12,0.13,-98,0,0,0,0,48.6,11.8,0,0,0,0,13.7,0.2,99.3,680.4,0,0,0,0,111,98,1,0.7,130,2024-02-27T09:00:00Z,PT60M
12,0.13,-98,0,0,0,0,53.1,11.4,0,0,0,0,14,0.2,99.3,680.4,0,0,0,0,123,101,0.8,0.6,115,2024-02-27T10:00:00Z,PT60M
11,0.13,-98,0,0,0,0,59.2,11.4,0,0,0,0,14.4,0.1,99.7,680.7,0,0,0,0,127,108,0.8,0.5,101,2024-02-27T11:00:00Z,PT60M
11,0.13,-99,34,52,42,44,52.7,11.4,21,0,21,20,14.1,0.1,99.7,681.2,0,0,0,0,121,111,1.1,0.7,86,2024-02-27T12:00:00Z,PT60M
11,0.13,-101,133,317,241,257,27.5,11.2,157,66,184,183,14,0.1,99,681.7,0,0,0,0,122,119,1.3,0.9,71,2024-02-27T13:00:00Z,PT60M
13,0.13,-104,197,560,509,531,4.2,11.5,227,469,487,505,14.1,0.2,94.3,682.1,0,0,0,0,132,136,1.1,0.8,56,2024-02-27T14:00:00Z,PT60M
14,0.13,-109,229,699,748,769,32.9,12,443,79,496,485,14.3,0.2,86.4,682.2,0,0,0,0,178,189,0.6,0.5,42,2024-02-27T15:00:00Z,PT60M
16,0.13,-119,249,766,923,939,50.1,12,460,0,460,444,14.5,0.2,79.7,682.2,0,0,0,0,245,246,0.8,0.7,28,2024-02-27T16:00:00Z,PT60M
17,0.13,-145,271,778,1014,1028,38.9,12,601,20,620,600,14.8,0.2,73.8,681.8,0,0,0,0,260,261,1.2,1,17,2024-02-27T17:00:00Z,PT60M
18,0.13,161,288,757,1020,1032,11.7,12.3,454,462,900,901,15,0.2,70.7,681.2,0,0,0,0,271,274,1.6,1.2,15,2024-02-27T18:00:00Z,PT60M
18,0.13,125,287,721,944,957,4.8,12.9,353,599,898,907,15.4,3.2,71.2,680.6,0,0,0,0,285,285,1.9,1.3,24,2024-02-27T19:00:00Z,PT60M
19,0.13,111,255,686,800,817,9.4,13.8,356,462,725,733,15.8,1.9,73.9,679.9,0,0,0,0,292,291,1.7,1.3,37,2024-02-27T20:00:00Z,PT60M
18,0.13,105,214,600,588,608,4.9,14.2,258,486,555,571,16.2,1.7,77.5,679.4,0,0,0,0,292,295,1.6,1.2,52,2024-02-27T21:00:00Z,PT60M
17,0.13,102,161,390,323,340,14.4,14.1,180,235,287,294,16.4,1.2,81.2,679.4,0,0,0,0,275,275,1.3,0.8,66,2024-02-27T22:00:00Z,PT60M
17,0.13,100,67,137,94,101,53.3,13.9,39,0,39,37,16.4,0.4,84.6,679.9,0,0,0,0,216,214,0.7,0.4,81,2024-02-27T23:00:00Z,PT60M
16,0.13,98,1,0,1,1,31.2,13.6,0,0,0,0,16.3,0.2,88.2,680.3,0,0,0,0,138,130,0.5,0.3,96,2024-02-28T00:00:00Z,PT60M
15,0.13,98,0,0,0,0,29.3,13.2,0,0,0,0,16.3,0.7,90.1,680.6,0,0,0,0,95,101,0.6,0.6,110,2024-02-28T01:00:00Z,PT60M
14,0.13,97,0,0,0,0,35.2,13,0,0,0,0,16.3,1.3,93.1,680.9,0,0,0,0,87,101,0.9,0.8,125,2024-02-28T02:00:00Z,PT60M
14,0.13,98,0,0,0,0,30.7,13.2,0,0,0,0,16.5,0.8,96.8,681.3,0,0,0,0,101,107,1.2,1,140,2024-02-28T03:00:00Z,PT60M
14,0.13,101,0,0,0,0,31.6,13.4,0,0,0,0,16.6,0.5,97.4,681.7,0,0,0,0,111,108,1.4,1.1,155,2024-02-28T04:00:00Z,PT60M
14,0.13,116,0,0,0,0,30.2,13.4,0,0,0,0,16.5,0.4,97.7,681.7,0,0,0,0,108,104,1.3,1,169,2024-02-28T05:00:00Z,PT60M
14,0.13,-139,0,0,0,0,30.3,13.2,0,0,0,0,16.3,0.1,97.4,681.2,0,0,0,0,112,107,1.3,1,173,2024-02-28T06:00:00Z,PT60M
13,0.13,-103,0,0,0,0,25,13,0,0,0,0,15.9,0.4,97.4,680.7,0,0,0,0,124,110,1.4,1,160,2024-02-28T07:00:00Z,PT60M
13,0.13,-98,0,0,0,0,68.8,13,0,0,0,0,15.6,0.4,98.4,680.1,0,0,0,0,126,108,1.5,0.9,145,2024-02-28T08:00:00Z,PT60M
13,0.13,-97,0,0,0,0,37.4,13,0,0,0,0,15.1,0.3,98.4,679.8,0,0,0,0,122,108,1.6,0.9,130,2024-02-28T09:00:00Z,PT60M
13,0.13,-97,0,0,0,0,20.7,12.8,0,0,0,0,15.1,0.2,98.7,679.7,0,0,0,0,122,107,1.2,0.8,115,2024-02-28T10:00:00Z,PT60M
13,0.13,-98,0,0,0,0,36.9,12.5,0,0,0,0,15,0.1,99.7,680.1,0,0,0,0,115,103,1.2,0.9,100,2024-02-28T11:00:00Z,PT60M
13,0.13,-99,33,105,48,54,45.3,12.5,29,0,29,28,14.3,0.1,99.7,680.4,0,0,0,0,110,102,1.8,1.2,86,2024-02-28T12:00:00Z,PT60M
12,0.13,-101,113,472,272,295,6.2,12.2,122,389,261,279,14,0.1,99,680.9,0,0,0,0,118,113,1.7,1.1,71,2024-02-28T13:00:00Z,PT60M
13,0.13,-103,158,688,541,567,0.8,12.2,166,669,536,561,13.9,0.2,96.5,681.5,0,0,0,0,132,136,1.4,0.9,56,2024-02-28T14:00:00Z,PT60M
14,0.13,-108,175,813,780,802,24.1,12.7,387,279,583,582,13.8,0.3,90.4,681.7,0,0,0,0,160,170,0.8,0.5,42,2024-02-28T15:00:00Z,PT60M
16,0.13,-118,175,890,958,976,39.7,12.8,537,48,581,564,13.8,0.2,84.2,681.6,0,0,0,0,224,228,0.5,0.4,28,2024-02-28T16:00:00Z,PT60M
17,0.13,-144,175,922,1057,1071,28.3,13,549,218,759,748,14.1,0.3,79.1,681.2,0,0,0,0,256,253,0.8,0.7,17,2024-02-28T17:00:00Z,PT60M
18,0.13,160,179,918,1068,1082,10,13.2,343,638,960,967,14.6,0.2,75.2,680.7,0,0,0,0,251,252,1.2,0.9,14,2024-02-28T18:00:00Z,PT60M
18,0.13,124,188,880,991,1007,0.5,13.8,196,866,986,1001,15.1,0.9,75.3,680.1,0,0,0,0,244,246,1.5,1.1,24,2024-02-28T19:00:00Z,PT60M
19,0.13,110,192,807,834,853,3.4,14.5,232,719,807,823,15.7,1.7,77.5,679.7,0,0,0,0,254,256,1.4,1,37,2024-02-28T20:00:00Z,PT60M
19,0.13,105,178,700,614,636,5.8,14.8,231,558,577,594,15.9,2.2,78.8,679.4,0,0,0,0,267,270,1,0.8,52,2024-02-28T21:00:00Z,PT60M
18,0.13,101,141,501,349,370,15.9,15.3,186,253,302,309,15.4,3.9,82.7,679.5,0,0,0,0,266,270,0.7,0.5,66,2024-02-28T22:00:00Z,PT60M
17,0.13,99,65,182,101,111,31.7,15.3,70,17,74,73,14.1,2,88.3,679.7,0,0,0,0,148,90,0.4,0.3,81,2024-02-28T23:00:00Z,PT60M
16,0.13,98,1,0,1,1,39.9,14.7,0,0,0,0,13,0.2,90.8,680.2,0,0,0,0,92,93,1.2,0.8,96,2024-02-29T00:00:00Z,PT60M
16,0.13,97,0,0,0,0,16.5,14.6,0,0,0,0,13.2,0.1,92.9,680.8,0,0,0,0,97,101,1.6,1,111,2024-02-29T01:00:00Z,PT60M
15,0.13,97,0,0,0,0,32.2,14.5,0,0,0,0,13.7,0.3,95.9,681.3,0,0,0,0,95,98,1.7,1.1,125,2024-02-29T02:00:00Z,PT60M
14,0.13,97,0,0,0,0,40.1,14,0,0,0,0,14,0.5,97.8,681.7,0,0,0,0,92,93,1.7,1.1,140,2024-02-29T03:00:00Z,PT60M
14,0.13,100,0,0,0,0,54.1,13.7,0,0,0,0,14.3,0.7,98.1,682,0,0,0,0,102,100,1.6,1.2,155,2024-02-29T04:00:00Z,PT60M
14,0.13,114,0,0,0,0,68,13.5,0,0,0,0,14.5,0.9,98.4,681.9,0,0,0,0,111,102,1.8,1.2,169,2024-02-29T05:00:00Z,PT60M
13,0.13,-137,0,0,0,0,43.8,13.2,0,0,0,0,14.5,1,99,681.7,0,0,0,0,111,101,1.9,1.3,173,2024-02-29T06:00:00Z,PT60M
13,0.13,-102,0,0,0,0,33.7,12.9,0,0,0,0,14.2,0.2,99.3,681.2,0,0,0,0,111,103,2.1,1.3,160,2024-02-29T07:00:00Z,PT60M
13,0.13,-98,0,0,0,0,46.7,12.6,0,0,0,0,13.7,0.1,98.1,680.7,0,0,0,0,111,105,2.4,1.4,145,2024-02-29T08:00:00Z,PT60M
13,0.13,-97,0,0,0,0,37.5,12.3,0,0,0,0,12.9,0,98.1,680.6,0,0,0,0,111,105,2.6,1.5,130,2024-02-29T09:00:00Z,PT60M
12,0.13,-97,0,0,0,0,42.8,12.4,0,0,0,0,12,0,99.7,680.5,0,0,0,0,111,104,2.4,1.4,115,2024-02-29T10:00:00Z,PT60M
12,0.13,-97,0,0,0,0,63,12.4,0,0,0,0,11.3,0,100,680.7,0,0,0,0,110,101,2.1,1.3,100,2024-02-29T11:00:00Z,PT60M
12,0.13,-99,35,80,47,51,66,12.1,24,0,24,23,11,0,100,681.2,0,0,0,0,108,106,2.2,1.3,86,2024-02-29T12:00:00Z,PT60M
12,0.13,-100,126,399,262,280,9.5,11.9,142,276,244,255,10.8,0,99.3,681.7,0,0,0,0,112,116,2.1,1.3,71,2024-02-29T13:00:00Z,PT60M
13,0.13,-103,176,648,538,560,0,12.2,176,648,538,560,10.6,0.1,95.2,682.2,0,0,0,0,122,130,1.8,1.1,56,2024-02-29T14:00:00Z,PT60M
15,0.13,-108,191,795,784,802,5.4,12.5,255,652,741,755,10.5,0.2,85.9,682.5,0,0,0,0,131,142,1.4,0.9,42,2024-02-29T15:00:00Z,PT60M
16,0.13,-117,195,870,963,977,1.9,12.2,224,816,944,957,10.5,0.2,76.2,682.5,0,0,0,0,157,171,0.9,0.6,28,2024-02-29T16:00:00Z,PT60M
17,0.13,-144,199,900,1062,1073,15.4,11.6,432,487,898,897,10.7,0.1,69,682.1,0,0,0,0,213,224,0.8,0.6,16,2024-02-29T17:00:00Z,PT60M
18,0.13,160,198,905,1075,1086,21.7,11.4,506,347,841,835,11,0.1,64.1,681.6,0,0,0,0,247,250,1.2,0.9,14,2024-02-29T18:00:00Z,PT60M
19,0.13,123,192,886,1002,1015,8.4,11.8,321,653,918,925,11.5,0.3,62,680.8,0,0,0,0,264,267,1.4,1,24,2024-02-29T19:00:00Z,PT60M
20,0.13,110,185,834,849,866,24,12,435,262,647,643,11.9,0.3,60.4,679.9,0,0,0,0,274,276,1.3,1,37,2024-02-29T20:00:00Z,PT60M
20,0.13,104,172,728,626,647,22.7,12.3,349,217,480,479,12.1,0.3,60.8,679.2,0,0,0,0,284,283,1.2,0.9,52,2024-02-29T21:00:00Z,PT60M
19,0.13,101,136,543,360,382,11.6,13.4,182,325,323,333,11.7,2.1,68.1,679.3,0,0,0,0,286,285,1.5,1,66,2024-02-29T22:00:00Z,PT60M
18,0.13,99,64,205,105,116,18.2,13.8,79,38,87,87,11.3,2,75,679.7,0,0,0,0,282,277,1.4,0.8,81,2024-02-29T23:00:00Z,PT60M
17,0.13,98,1,0,1,1,25.3,13.6,1,0,1,0,11.2,0,80.4,680,0,0,0,0,321,329,0.7,0.3,96,2024-03-01T00:00:00Z,PT60M
